actor_id,film_id,title,complete_name,category_id
1,1,ACADEMY DINOSAUR,PENELOPE_GUINESS,6
1,23,ANACONDA CONFESSIONS,PENELOPE_GUINESS,2
1,25,ANGELS LIFE,PENELOPE_GUINESS,13
1,106,BULWORTH COMMANDMENTS,PENELOPE_GUINESS,10
1,140,CHEAPER CLYDE,PENELOPE_GUINESS,14
1,166,COLOR PHILADELPHIA,PENELOPE_GUINESS,4
1,277,ELEPHANT TROJAN,PENELOPE_GUINESS,11
1,361,GLEAMING JAWBREAKER,PENELOPE_GUINESS,15
1,438,HUMAN GRAFFITI,PENELOPE_GUINESS,10
1,499,KING EVOLUTION,PENELOPE_GUINESS,8
1,506,LADY STAGE,PENELOPE_GUINESS,11
1,509,LANGUAGE COWBOY,PENELOPE_GUINESS,3
1,605,MULHOLLAND BEAST,PENELOPE_GUINESS,9
1,635,OKLAHOMA JUMANJI,PENELOPE_GUINESS,13
1,749,RULES HUMAN,PENELOPE_GUINESS,11
1,832,SPLASH GUMP,PENELOPE_GUINESS,8
1,939,VERTIGO NORTHWEST,PENELOPE_GUINESS,5
1,970,WESTWARD SEABISCUIT,PENELOPE_GUINESS,4
1,980,WIZARD COLDBLOODED,PENELOPE_GUINESS,12
2,3,ADAPTATION HOLES,NICK_WAHLBERG,6
2,31,APACHE DIVINE,NICK_WAHLBERG,8
2,47,BABY HALL,NICK_WAHLBERG,9
2,105,BULL SHAWSHANK,NICK_WAHLBERG,1
2,132,CHAINSAW UPTOWN,NICK_WAHLBERG,14
2,145,CHISUM BEHAVIOR,NICK_WAHLBERG,8
2,226,DESTINY SATURDAY,NICK_WAHLBERG,13
2,249,DRACULA CRYSTAL,NICK_WAHLBERG,4
2,314,FIGHT JAWBREAKER,NICK_WAHLBERG,2
2,321,FLASH WARS,NICK_WAHLBERG,13
2,357,GILBERT PELICAN,NICK_WAHLBERG,4
2,369,GOODFELLAS SALUTE,NICK_WAHLBERG,14
2,399,HAPPINESS UNITED,NICK_WAHLBERG,9
2,458,INDIAN LOVE,NICK_WAHLBERG,8
2,481,JEKYLL FROGMEN,NICK_WAHLBERG,13
2,485,JERSEY SASSY,NICK_WAHLBERG,3
2,518,LIAISONS SWEET,NICK_WAHLBERG,16
2,540,LUCKY FLYING,NICK_WAHLBERG,12
2,550,MAGUIRE APACHE,NICK_WAHLBERG,8
2,555,MALLRATS UNITED,NICK_WAHLBERG,5
2,561,MASK PEACH,NICK_WAHLBERG,13
2,742,ROOF CHAMPION,NICK_WAHLBERG,10
2,754,RUSHMORE MERMAID,NICK_WAHLBERG,5
2,811,SMILE EARRING,NICK_WAHLBERG,16
2,958,WARDROBE PHANTOM,NICK_WAHLBERG,7
3,17,ALONE TRIP,ED_CHASE,12
3,40,ARMY FLINTSTONES,ED_CHASE,6
3,42,ARTIST COLDBLOODED,ED_CHASE,15
3,87,BOONDOCK BALLROOM,ED_CHASE,16
3,111,CADDYSHACK JEDI,ED_CHASE,1
3,185,COWBOY DOOM,ED_CHASE,9
3,289,EVE RESURRECTION,ED_CHASE,13
3,329,FORREST SONS,ED_CHASE,1
3,336,FRENCH HOLIDAY,ED_CHASE,6
3,341,FROST HEAD,ED_CHASE,4
3,393,HALLOWEEN NUTS,ED_CHASE,6
3,441,HUNTER ALTER,ED_CHASE,6
3,453,IMAGE PRINCESS,ED_CHASE,15
3,480,JEEPERS WEDDING,ED_CHASE,4
3,539,LUCK OPUS,ED_CHASE,7
3,618,NECKLACE OUTBREAK,ED_CHASE,7
3,685,PLATOON INSTINCT,ED_CHASE,13
3,827,SPICE SORORITY,ED_CHASE,7
3,966,WEDDING APOLLO,ED_CHASE,6
3,967,WEEKEND PERSONAL,ED_CHASE,14
3,971,WHALE BIKINI,ED_CHASE,9
3,996,YOUNG LANGUAGE,ED_CHASE,6
4,23,ANACONDA CONFESSIONS,JENNIFER_DAVIS,2
4,25,ANGELS LIFE,JENNIFER_DAVIS,13
4,56,BAREFOOT MANCHURIAN,JENNIFER_DAVIS,1
4,62,BED HIGHBALL,JENNIFER_DAVIS,6
4,79,BLADE POLISH,JENNIFER_DAVIS,7
4,87,BOONDOCK BALLROOM,JENNIFER_DAVIS,16
4,355,GHOSTBUSTERS ELF,JENNIFER_DAVIS,2
4,379,GREEDY ROOTS,JENNIFER_DAVIS,7
4,398,HANOVER GALAXY,JENNIFER_DAVIS,12
4,463,INSTINCT AIRPORT,JENNIFER_DAVIS,15
4,490,JUMANJI BLADE,JENNIFER_DAVIS,13
4,616,NATIONAL STORY,JENNIFER_DAVIS,6
4,635,OKLAHOMA JUMANJI,JENNIFER_DAVIS,13
4,691,POSEIDON FOREVER,JENNIFER_DAVIS,15
4,712,RAIDERS ANTITRUST,JENNIFER_DAVIS,6
4,714,RANDOM GO,JENNIFER_DAVIS,14
4,721,REDS POCUS,JENNIFER_DAVIS,12
4,798,SILVERADO GOLDFINGER,JENNIFER_DAVIS,14
4,832,SPLASH GUMP,JENNIFER_DAVIS,8
4,858,SUBMARINE BED,JENNIFER_DAVIS,5
4,909,TREASURE COMMAND,JENNIFER_DAVIS,11
4,924,UNFORGIVEN ZOOLANDER,JENNIFER_DAVIS,14
5,19,AMADEUS HOLY,JOHNNY_LOLLOBRIGIDA,1
5,54,BANGER PINOCCHIO,JOHNNY_LOLLOBRIGIDA,12
5,85,BONNIE HOLOCAUST,JOHNNY_LOLLOBRIGIDA,6
5,146,CHITTY LOCK,JOHNNY_LOLLOBRIGIDA,7
5,171,COMMANDMENTS EXPRESS,JOHNNY_LOLLOBRIGIDA,11
5,172,CONEHEADS SMOOCHY,JOHNNY_LOLLOBRIGIDA,7
5,202,DADDY PITTSBURGH,JOHNNY_LOLLOBRIGIDA,5
5,203,DAISY MENAGERIE,JOHNNY_LOLLOBRIGIDA,14
5,286,ENOUGH RAGING,JOHNNY_LOLLOBRIGIDA,16
5,288,ESCAPE METROPOLIS,JOHNNY_LOLLOBRIGIDA,16
5,316,FIRE WOLVES,JOHNNY_LOLLOBRIGIDA,10
5,340,FRONTIER CABIN,JOHNNY_LOLLOBRIGIDA,13
5,369,GOODFELLAS SALUTE,JOHNNY_LOLLOBRIGIDA,14
5,375,GRAIL FRANKENSTEIN,JOHNNY_LOLLOBRIGIDA,1
5,383,GROOVE FICTION,JOHNNY_LOLLOBRIGIDA,15
5,392,HALL CASSIDY,JOHNNY_LOLLOBRIGIDA,3
5,411,HEAVENLY GUN,JOHNNY_LOLLOBRIGIDA,12
5,503,KRAMER CHOCOLATE,JOHNNY_LOLLOBRIGIDA,15
5,535,LOVE SUICIDES,JOHNNY_LOLLOBRIGIDA,11
5,571,METAL ARMAGEDDON,JOHNNY_LOLLOBRIGIDA,6
5,650,PACIFIC AMISTAD,JOHNNY_LOLLOBRIGIDA,6
5,665,PATTON INTERVIEW,JOHNNY_LOLLOBRIGIDA,11
5,687,POCUS PULP,JOHNNY_LOLLOBRIGIDA,6
5,730,RIDGEMONT SUBMARINE,JOHNNY_LOLLOBRIGIDA,13
5,732,RINGS HEARTBREAKERS,JOHNNY_LOLLOBRIGIDA,1
5,811,SMILE EARRING,JOHNNY_LOLLOBRIGIDA,16
5,817,SOLDIERS EVOLUTION,JOHNNY_LOLLOBRIGIDA,14
5,841,STAR OPERATION,JOHNNY_LOLLOBRIGIDA,15
5,865,SUNRISE LEAGUE,JOHNNY_LOLLOBRIGIDA,2
6,29,ANTITRUST TOMATOES,BETTE_NICHOLSON,1
6,53,BANG KWAI,BETTE_NICHOLSON,8
6,60,BEAST HUNCHBACK,BETTE_NICHOLSON,4
6,70,BIKINI BORROWERS,BETTE_NICHOLSON,2
6,112,CALENDAR GUNFIGHT,BETTE_NICHOLSON,9
6,164,COAST RAINBOW,BETTE_NICHOLSON,6
6,165,COLDBLOODED DARLING,BETTE_NICHOLSON,14
6,193,CROSSROADS CASUALTIES,BETTE_NICHOLSON,2
6,256,DROP WATERFRONT,BETTE_NICHOLSON,15
6,451,IGBY MAKER,BETTE_NICHOLSON,16
6,503,KRAMER CHOCOLATE,BETTE_NICHOLSON,15
6,509,LANGUAGE COWBOY,BETTE_NICHOLSON,3
6,517,LESSON CLEOPATRA,BETTE_NICHOLSON,15
6,519,LIBERTY MAGNIFICENT,BETTE_NICHOLSON,15
6,605,MULHOLLAND BEAST,BETTE_NICHOLSON,9
6,692,POTLUCK MIXED,BETTE_NICHOLSON,2
6,826,SPEED SUIT,BETTE_NICHOLSON,16
6,892,TITANIC BOONDOCK,BETTE_NICHOLSON,2
6,902,TRADING PINOCCHIO,BETTE_NICHOLSON,15
6,994,WYOMING STORM,BETTE_NICHOLSON,13
7,25,ANGELS LIFE,GRACE_MOSTEL,13
7,27,ANONYMOUS HUMAN,GRACE_MOSTEL,15
7,35,ARACHNOPHOBIA ROLLERCOASTER,GRACE_MOSTEL,11
7,67,BERETS AGENT,GRACE_MOSTEL,1
7,96,BREAKING HOME,GRACE_MOSTEL,13
7,170,COMMAND DARLING,GRACE_MOSTEL,9
7,173,CONFESSIONS MAGUIRE,GRACE_MOSTEL,7
7,217,DAZED PUNK,GRACE_MOSTEL,10
7,218,DECEIVER BETRAYED,GRACE_MOSTEL,7
7,225,DESTINATION JERK,GRACE_MOSTEL,7
7,292,EXCITEMENT EVE,GRACE_MOSTEL,1
7,351,GASLIGHT CRUSADE,GRACE_MOSTEL,11
7,414,HELLFIGHTERS SIERRA,GRACE_MOSTEL,9
7,463,INSTINCT AIRPORT,GRACE_MOSTEL,15
7,554,MALKOVICH PET,GRACE_MOSTEL,4
7,618,NECKLACE OUTBREAK,GRACE_MOSTEL,7
7,633,OCTOBER SUBMARINE,GRACE_MOSTEL,4
7,637,OPEN AFRICAN,GRACE_MOSTEL,14
7,691,POSEIDON FOREVER,GRACE_MOSTEL,15
7,758,SAINTS BRIDE,GRACE_MOSTEL,7
7,766,SAVANNAH TOWN,GRACE_MOSTEL,7
7,770,SCISSORHANDS SLUMS,GRACE_MOSTEL,9
7,805,SLEEPLESS MONSOON,GRACE_MOSTEL,2
7,806,SLEEPY JAPANESE,GRACE_MOSTEL,13
7,846,STING PERSONAL,GRACE_MOSTEL,13
7,900,TOWN ARK,GRACE_MOSTEL,9
7,901,TRACY CIDER,GRACE_MOSTEL,2
7,910,TREATMENT JEKYLL,GRACE_MOSTEL,7
7,957,WAR NOTTING,GRACE_MOSTEL,9
7,959,WARLOCK WEREWOLF,GRACE_MOSTEL,3
8,47,BABY HALL,MATTHEW_JOHANSSON,9
8,115,CAMPUS REMEMBER,MATTHEW_JOHANSSON,1
8,158,CLONES PINOCCHIO,MATTHEW_JOHANSSON,12
8,179,CONQUERER NUTS,MATTHEW_JOHANSSON,7
8,195,CROWDS TELEMARK,MATTHEW_JOHANSSON,14
8,205,DANCES NONE,MATTHEW_JOHANSSON,1
8,255,DRIVING POLISH,MATTHEW_JOHANSSON,12
8,263,DURHAM PANKY,MATTHEW_JOHANSSON,15
8,321,FLASH WARS,MATTHEW_JOHANSSON,13
8,396,HANGING DEEP,MATTHEW_JOHANSSON,7
8,458,INDIAN LOVE,MATTHEW_JOHANSSON,8
8,523,LIGHTS DEER,MATTHEW_JOHANSSON,4
8,532,LOSER HUSTLER,MATTHEW_JOHANSSON,15
8,554,MALKOVICH PET,MATTHEW_JOHANSSON,4
8,752,RUNNER MADIGAN,MATTHEW_JOHANSSON,12
8,769,SCHOOL JACKET,MATTHEW_JOHANSSON,9
8,771,SCORPION APOLLO,MATTHEW_JOHANSSON,7
8,859,SUGAR WONKA,MATTHEW_JOHANSSON,2
8,895,TOMORROW HUSTLER,MATTHEW_JOHANSSON,4
8,936,VANISHING ROCKY,MATTHEW_JOHANSSON,12
9,30,ANYTHING SAVANNAH,JOE_SWANK,11
9,74,BIRCH ANTITRUST,JOE_SWANK,12
9,147,CHOCOLAT HARRY,JOE_SWANK,8
9,148,CHOCOLATE DUCK,JOE_SWANK,9
9,191,CROOKED FROGMEN,JOE_SWANK,3
9,200,CURTAIN VIDEOTAPE,JOE_SWANK,10
9,204,DALMATIONS SWEDEN,JOE_SWANK,7
9,434,HORROR REIGN,JOE_SWANK,16
9,510,LAWLESS VISION,JOE_SWANK,2
9,514,LEBOWSKI SOLDIERS,JOE_SWANK,7
9,552,MAJESTIC FLOATS,JOE_SWANK,6
9,650,PACIFIC AMISTAD,JOE_SWANK,6
9,671,PERDITION FARGO,JOE_SWANK,15
9,697,PRIMARY GLASS,JOE_SWANK,1
9,722,REEF SALUTE,JOE_SWANK,11
9,752,RUNNER MADIGAN,JOE_SWANK,12
9,811,SMILE EARRING,JOE_SWANK,16
9,815,SNATCHERS MONTEZUMA,JOE_SWANK,4
9,865,SUNRISE LEAGUE,JOE_SWANK,2
9,873,SWEETHEARTS SUSPECTS,JOE_SWANK,3
9,889,TIES HUNGER,JOE_SWANK,3
9,903,TRAFFIC HOBBIT,JOE_SWANK,16
9,926,UNTOUCHABLES SUNRISE,JOE_SWANK,6
9,964,WATERFRONT DELIVERANCE,JOE_SWANK,1
9,974,WILD APOLLO,JOE_SWANK,13
10,1,ACADEMY DINOSAUR,CHRISTIAN_GABLE,6
10,9,ALABAMA DEVIL,CHRISTIAN_GABLE,11
10,191,CROOKED FROGMEN,CHRISTIAN_GABLE,3
10,236,DIVINE RESURRECTION,CHRISTIAN_GABLE,10
10,251,DRAGONFLY STRANGERS,CHRISTIAN_GABLE,13
10,366,GOLDFINGER SENSIBILITY,CHRISTIAN_GABLE,7
10,477,JAWBREAKER BROOKLYN,CHRISTIAN_GABLE,12
10,480,JEEPERS WEDDING,CHRISTIAN_GABLE,4
10,522,LIFE TWISTED,CHRISTIAN_GABLE,5
10,530,LORD ARIZONA,CHRISTIAN_GABLE,1
10,587,MOD SECRETARY,CHRISTIAN_GABLE,6
10,694,PREJUDICE OLEANDER,CHRISTIAN_GABLE,4
10,703,PUNK DIVORCE,CHRISTIAN_GABLE,2
10,716,REAP UNFAITHFUL,CHRISTIAN_GABLE,11
10,782,SHAKESPEARE SADDLE,CHRISTIAN_GABLE,15
10,914,TROUBLE DATE,CHRISTIAN_GABLE,16
10,929,USUAL UNTOUCHABLES,CHRISTIAN_GABLE,9
10,930,VACATION BOONDOCK,CHRISTIAN_GABLE,14
10,964,WATERFRONT DELIVERANCE,CHRISTIAN_GABLE,1
10,966,WEDDING APOLLO,CHRISTIAN_GABLE,6
10,980,WIZARD COLDBLOODED,CHRISTIAN_GABLE,12
10,983,WON DARES,CHRISTIAN_GABLE,12
11,118,CANYON STOCK,ZERO_CAGE,2
11,205,DANCES NONE,ZERO_CAGE,1
11,281,ENCINO ELF,ZERO_CAGE,10
11,283,ENDING CROWDS,ZERO_CAGE,13
11,348,GANDHI KWAI,ZERO_CAGE,8
11,364,GODFATHER DIARY,ZERO_CAGE,13
11,395,HANDICAP BOONDOCK,ZERO_CAGE,1
11,429,HONEY TIES,ZERO_CAGE,15
11,433,HORN WORKING,ZERO_CAGE,2
11,453,IMAGE PRINCESS,ZERO_CAGE,15
11,485,JERSEY SASSY,ZERO_CAGE,3
11,532,LOSER HUSTLER,ZERO_CAGE,15
11,567,MEET CHOCOLATE,ZERO_CAGE,9
11,587,MOD SECRETARY,ZERO_CAGE,6
11,597,MOONWALKER FOOL,ZERO_CAGE,10
11,636,OLEANDER CLUE,ZERO_CAGE,12
11,709,RACER EGG,ZERO_CAGE,7
11,850,STORY SIDE,ZERO_CAGE,1
11,854,STRANGERS GRAFFITI,ZERO_CAGE,11
11,888,THIN SAGEBRUSH,ZERO_CAGE,6
11,896,TOOTSIE PILOT,ZERO_CAGE,3
11,928,UPTOWN YOUNG,ZERO_CAGE,3
11,938,VELVET TERMINATOR,ZERO_CAGE,5
11,969,WEST LION,ZERO_CAGE,7
11,988,WORKER TARZAN,ZERO_CAGE,16
12,16,ALLEY EVOLUTION,KARL_BERRY,9
12,17,ALONE TRIP,KARL_BERRY,12
12,34,ARABIA DOGMA,KARL_BERRY,11
12,37,ARIZONA BANG,KARL_BERRY,4
12,91,BOUND CHEAPER,KARL_BERRY,4
12,92,BOWFINGER GABLES,KARL_BERRY,11
12,107,BUNCH MINDS,KARL_BERRY,7
12,155,CLEOPATRA DEVIL,KARL_BERRY,13
12,177,CONNECTICUT TRAMP,KARL_BERRY,14
12,208,DARES PLUTO,KARL_BERRY,2
12,213,DATE SPEED,KARL_BERRY,8
12,216,DAY UNFAITHFUL,KARL_BERRY,13
12,243,DOORS PRESIDENT,KARL_BERRY,2
12,344,FURY MURDER,KARL_BERRY,3
12,400,HARDLY ROBBERS,KARL_BERRY,6
12,416,HIGHBALL POTTER,KARL_BERRY,9
12,420,HOLES BRANNIGAN,KARL_BERRY,15
12,457,INDEPENDENCE HOTEL,KARL_BERRY,6
12,513,LEATHERNECKS DWARFS,KARL_BERRY,16
12,540,LUCKY FLYING,KARL_BERRY,12
12,593,MONTEREY LABYRINTH,KARL_BERRY,11
12,631,NOVOCAINE FLIGHT,KARL_BERRY,15
12,635,OKLAHOMA JUMANJI,KARL_BERRY,13
12,672,PERFECT GROOVE,KARL_BERRY,5
12,716,REAP UNFAITHFUL,KARL_BERRY,11
12,728,REUNION WITCHES,KARL_BERRY,7
12,812,SMOKING BARBARELLA,KARL_BERRY,6
12,838,STAGECOACH ARMAGEDDON,KARL_BERRY,1
12,871,SWEDEN SHINING,KARL_BERRY,5
12,880,TELEMARK HEARTBREAKERS,KARL_BERRY,2
12,945,VIRGINIAN PLUTO,KARL_BERRY,6
13,17,ALONE TRIP,UMA_WOOD,12
13,29,ANTITRUST TOMATOES,UMA_WOOD,1
13,45,ATTRACTION NEWTON,UMA_WOOD,13
13,87,BOONDOCK BALLROOM,UMA_WOOD,16
13,110,CABIN FLASH,UMA_WOOD,3
13,144,CHINATOWN GLADIATOR,UMA_WOOD,13
13,154,CLASH FREDDY,UMA_WOOD,2
13,162,CLUELESS BUCKET,UMA_WOOD,1
13,203,DAISY MENAGERIE,UMA_WOOD,14
13,254,DRIVER ANNIE,UMA_WOOD,15
13,337,FRIDA SLIPPER,UMA_WOOD,9
13,346,GALAXY SWEETHEARTS,UMA_WOOD,4
13,381,GRINCH MASSAGE,UMA_WOOD,10
13,385,GROUNDHOG UNCUT,UMA_WOOD,5
13,427,HOMEWARD CIDER,UMA_WOOD,6
13,456,INCH JET,UMA_WOOD,2
13,513,LEATHERNECKS DWARFS,UMA_WOOD,16
13,515,LEGALLY SECRETARY,UMA_WOOD,3
13,522,LIFE TWISTED,UMA_WOOD,5
13,524,LION UNCUT,UMA_WOOD,5
13,528,LOLITA WORLD,UMA_WOOD,8
13,571,METAL ARMAGEDDON,UMA_WOOD,6
13,588,MODEL FISH,UMA_WOOD,3
13,597,MOONWALKER FOOL,UMA_WOOD,10
13,600,MOTIONS DETAILS,UMA_WOOD,11
13,718,REBEL AIRPORT,UMA_WOOD,12
13,729,RIDER CADDYSHACK,UMA_WOOD,15
13,816,SNOWMAN ROLLERCOASTER,UMA_WOOD,2
13,817,SOLDIERS EVOLUTION,UMA_WOOD,14
13,832,SPLASH GUMP,UMA_WOOD,8
13,833,SPLENDOR PATTON,UMA_WOOD,3
13,843,STEEL SANTA,UMA_WOOD,4
13,897,TORQUE BOUND,UMA_WOOD,7
13,966,WEDDING APOLLO,UMA_WOOD,6
13,998,ZHIVAGO CORE,UMA_WOOD,11
14,154,CLASH FREDDY,VIVIEN_BERGEN,2
14,187,CRANES RESERVOIR,VIVIEN_BERGEN,15
14,232,DIRTY ACE,VIVIEN_BERGEN,10
14,241,DONNIE ALLEY,VIVIEN_BERGEN,2
14,253,DRIFTER COMMANDMENTS,VIVIEN_BERGEN,1
14,255,DRIVING POLISH,VIVIEN_BERGEN,12
14,258,DRUMS DYNAMITE,VIVIEN_BERGEN,11
14,284,ENEMY ODDS,VIVIEN_BERGEN,12
14,292,EXCITEMENT EVE,VIVIEN_BERGEN,1
14,370,GORGEOUS BINGO,VIVIEN_BERGEN,3
14,415,HIGH ENCINO,VIVIEN_BERGEN,11
14,417,HILLS NEIGHBORS,VIVIEN_BERGEN,1
14,418,HOBBIT ALIEN,VIVIEN_BERGEN,7
14,454,IMPACT ALADDIN,VIVIEN_BERGEN,12
14,472,ITALIAN AFRICAN,VIVIEN_BERGEN,16
14,475,JAPANESE RUN,VIVIEN_BERGEN,11
14,495,KENTUCKIAN GIANT,VIVIEN_BERGEN,11
14,536,LOVELY JINGLE,VIVIEN_BERGEN,4
14,537,LOVER TRUMAN,VIVIEN_BERGEN,4
14,612,MUSSOLINI SPOILERS,VIVIEN_BERGEN,15
14,688,POLISH BROOKLYN,VIVIEN_BERGEN,3
14,759,SALUTE APOLLO,VIVIEN_BERGEN,13
14,764,SATURDAY LAMBS,VIVIEN_BERGEN,15
14,847,STOCK GLASS,VIVIEN_BERGEN,13
14,856,STREETCAR INTENTIONS,VIVIEN_BERGEN,11
14,890,TIGHTS DAWN,VIVIEN_BERGEN,15
14,908,TRAP GUYS,VIVIEN_BERGEN,9
14,919,TYCOON GATHERING,VIVIEN_BERGEN,10
14,948,VOICE PEACH,VIVIEN_BERGEN,13
14,970,WESTWARD SEABISCUIT,VIVIEN_BERGEN,4
15,31,APACHE DIVINE,CUBA_OLIVIER,8
15,89,BORROWERS BEDAZZLED,CUBA_OLIVIER,2
15,91,BOUND CHEAPER,CUBA_OLIVIER,4
15,108,BUTCH PANTHER,CUBA_OLIVIER,13
15,125,CASSIDY WYOMING,CUBA_OLIVIER,16
15,236,DIVINE RESURRECTION,CUBA_OLIVIER,10
15,275,EGYPT TENENBAUMS,CUBA_OLIVIER,11
15,280,EMPIRE MALKOVICH,CUBA_OLIVIER,3
15,326,FLYING HOOK,CUBA_OLIVIER,2
15,342,FUGITIVE MAGUIRE,CUBA_OLIVIER,16
15,414,HELLFIGHTERS SIERRA,CUBA_OLIVIER,9
15,445,HYDE DOCTOR,CUBA_OLIVIER,4
15,500,KISS GLORY,CUBA_OLIVIER,9
15,502,KNOCK WARLOCK,CUBA_OLIVIER,5
15,541,LUKE MUMMY,CUBA_OLIVIER,2
15,553,MAKER GABLES,CUBA_OLIVIER,3
15,594,MONTEZUMA COMMAND,CUBA_OLIVIER,1
15,626,NOON PAPI,CUBA_OLIVIER,3
15,635,OKLAHOMA JUMANJI,CUBA_OLIVIER,13
15,745,ROSES TREASURE,CUBA_OLIVIER,15
15,783,SHANE DARKNESS,CUBA_OLIVIER,16
15,795,SIEGE MADRE,CUBA_OLIVIER,8
15,817,SOLDIERS EVOLUTION,CUBA_OLIVIER,14
15,886,THEORY MERMAID,CUBA_OLIVIER,2
15,924,UNFORGIVEN ZOOLANDER,CUBA_OLIVIER,14
15,949,VOLCANO TEXAS,CUBA_OLIVIER,10
15,968,WEREWOLF LOLA,CUBA_OLIVIER,1
15,985,WONDERLAND CHRISTMAS,CUBA_OLIVIER,14
16,80,BLANKET BEVERLY,FRED_COSTNER,8
16,87,BOONDOCK BALLROOM,FRED_COSTNER,16
16,101,BROTHERHOOD BLANKET,FRED_COSTNER,6
16,121,CAROL TEXAS,FRED_COSTNER,2
16,155,CLEOPATRA DEVIL,FRED_COSTNER,13
16,177,CONNECTICUT TRAMP,FRED_COSTNER,14
16,218,DECEIVER BETRAYED,FRED_COSTNER,7
16,221,DELIVERANCE MULHOLLAND,FRED_COSTNER,6
16,267,EAGLES PANKY,FRED_COSTNER,13
16,269,EARRING INSTINCT,FRED_COSTNER,8
16,271,EASY GLADIATOR,FRED_COSTNER,1
16,280,EMPIRE MALKOVICH,FRED_COSTNER,3
16,287,ENTRAPMENT SATISFACTION,FRED_COSTNER,1
16,345,GABLES METROPOLIS,FRED_COSTNER,8
16,438,HUMAN GRAFFITI,FRED_COSTNER,10
16,453,IMAGE PRINCESS,FRED_COSTNER,15
16,455,IMPOSSIBLE PREJUDICE,FRED_COSTNER,9
16,456,INCH JET,FRED_COSTNER,2
16,503,KRAMER CHOCOLATE,FRED_COSTNER,15
16,548,MAGNIFICENT CHITTY,FRED_COSTNER,4
16,582,MIRACLE VIRTUAL,FRED_COSTNER,2
16,583,MISSION ZOOLANDER,FRED_COSTNER,2
16,717,REAR TRADING,FRED_COSTNER,1
16,758,SAINTS BRIDE,FRED_COSTNER,7
16,779,SENSE GREEK,FRED_COSTNER,15
16,886,THEORY MERMAID,FRED_COSTNER,2
16,967,WEEKEND PERSONAL,FRED_COSTNER,14
17,96,BREAKING HOME,HELEN_VOIGHT,13
17,119,CAPER MOTIONS,HELEN_VOIGHT,5
17,124,CASPER DRAGONFLY,HELEN_VOIGHT,3
17,127,CAT CONEHEADS,HELEN_VOIGHT,5
17,154,CLASH FREDDY,HELEN_VOIGHT,2
17,199,CUPBOARD SINNERS,HELEN_VOIGHT,6
17,201,CYCLONE FAMILY,HELEN_VOIGHT,9
17,236,DIVINE RESURRECTION,HELEN_VOIGHT,10
17,280,EMPIRE MALKOVICH,HELEN_VOIGHT,3
17,310,FEVER EMPIRE,HELEN_VOIGHT,10
17,313,FIDELITY DEVIL,HELEN_VOIGHT,11
17,378,GREATEST NORTH,HELEN_VOIGHT,12
17,457,INDEPENDENCE HOTEL,HELEN_VOIGHT,6
17,469,IRON MOON,HELEN_VOIGHT,4
17,478,JAWS HARRY,HELEN_VOIGHT,5
17,500,KISS GLORY,HELEN_VOIGHT,9
17,515,LEGALLY SECRETARY,HELEN_VOIGHT,3
17,521,LIES TREATMENT,HELEN_VOIGHT,7
17,573,MICROCOSMOS PARADISE,HELEN_VOIGHT,3
17,603,MOVIE SHAKESPEARE,HELEN_VOIGHT,8
17,606,MUMMY CREATURES,HELEN_VOIGHT,15
17,734,ROAD ROXANNE,HELEN_VOIGHT,6
17,770,SCISSORHANDS SLUMS,HELEN_VOIGHT,9
17,794,SIDE ARK,HELEN_VOIGHT,1
17,800,SINNERS ATLANTIS,HELEN_VOIGHT,11
17,853,STRANGER STRANGERS,HELEN_VOIGHT,3
17,873,SWEETHEARTS SUSPECTS,HELEN_VOIGHT,3
17,874,TADPOLE PARK,HELEN_VOIGHT,4
17,880,TELEMARK HEARTBREAKERS,HELEN_VOIGHT,2
17,948,VOICE PEACH,HELEN_VOIGHT,13
17,957,WAR NOTTING,HELEN_VOIGHT,9
17,959,WARLOCK WEREWOLF,HELEN_VOIGHT,3
18,44,ATTACKS HATE,DAN_TORN,14
18,84,BOILED DARES,DAN_TORN,16
18,144,CHINATOWN GLADIATOR,DAN_TORN,13
18,172,CONEHEADS SMOOCHY,DAN_TORN,7
18,268,EARLY HOME,DAN_TORN,2
18,279,ELIZABETH SHANE,DAN_TORN,15
18,280,EMPIRE MALKOVICH,DAN_TORN,3
18,321,FLASH WARS,DAN_TORN,13
18,386,GUMP DATE,DAN_TORN,16
18,460,INNOCENT USUAL,DAN_TORN,9
18,462,INSIDER ARIZONA,DAN_TORN,12
18,484,JERK PAYCHECK,DAN_TORN,4
18,536,LOVELY JINGLE,DAN_TORN,4
18,561,MASK PEACH,DAN_TORN,13
18,612,MUSSOLINI SPOILERS,DAN_TORN,15
18,717,REAR TRADING,DAN_TORN,1
18,808,SLING LUKE,DAN_TORN,4
18,842,STATE WASTELAND,DAN_TORN,10
18,863,SUN CONFESSIONS,DAN_TORN,14
18,883,TEQUILA PAST,DAN_TORN,3
18,917,TUXEDO MILE,DAN_TORN,15
18,944,VIRGIN DAISY,DAN_TORN,7
19,2,ACE GOLDFINGER,BOB_FAWCETT,11
19,3,ADAPTATION HOLES,BOB_FAWCETT,6
19,144,CHINATOWN GLADIATOR,BOB_FAWCETT,13
19,152,CIRCUS YOUTH,BOB_FAWCETT,3
19,182,CONTROL ANTHEM,BOB_FAWCETT,5
19,208,DARES PLUTO,BOB_FAWCETT,2
19,212,DARN FORRESTER,BOB_FAWCETT,1
19,217,DAZED PUNK,BOB_FAWCETT,10
19,266,DYNAMITE TARZAN,BOB_FAWCETT,4
19,404,HATE HANDICAP,BOB_FAWCETT,5
19,428,HOMICIDE PEACH,BOB_FAWCETT,8
19,473,JACKET FRISCO,BOB_FAWCETT,7
19,490,JUMANJI BLADE,BOB_FAWCETT,13
19,510,LAWLESS VISION,BOB_FAWCETT,2
19,513,LEATHERNECKS DWARFS,BOB_FAWCETT,16
19,644,OSCAR GOLD,BOB_FAWCETT,2
19,670,PELICAN COMFORTS,BOB_FAWCETT,6
19,673,PERSONAL LADYBUGS,BOB_FAWCETT,12
19,711,RAGING AIRPLANE,BOB_FAWCETT,14
19,750,RUN PACIFIC,BOB_FAWCETT,13
19,752,RUNNER MADIGAN,BOB_FAWCETT,12
19,756,SADDLE ANTITRUST,BOB_FAWCETT,5
19,771,SCORPION APOLLO,BOB_FAWCETT,7
19,785,SHAWSHANK BUBBLE,BOB_FAWCETT,16
19,877,TAXI KICK,BOB_FAWCETT,12
20,1,ACADEMY DINOSAUR,LUCILLE_TRACY,6
20,54,BANGER PINOCCHIO,LUCILLE_TRACY,12
20,63,BEDAZZLED MARRIED,LUCILLE_TRACY,8
20,140,CHEAPER CLYDE,LUCILLE_TRACY,14
20,146,CHITTY LOCK,LUCILLE_TRACY,7
20,165,COLDBLOODED DARLING,LUCILLE_TRACY,14
20,231,DINOSAUR SECRETARY,LUCILLE_TRACY,8
20,243,DOORS PRESIDENT,LUCILLE_TRACY,2
20,269,EARRING INSTINCT,LUCILLE_TRACY,8
20,274,EGG IGBY,LUCILLE_TRACY,6
20,348,GANDHI KWAI,LUCILLE_TRACY,8
20,366,GOLDFINGER SENSIBILITY,LUCILLE_TRACY,7
20,445,HYDE DOCTOR,LUCILLE_TRACY,4
20,478,JAWS HARRY,LUCILLE_TRACY,5
20,492,JUNGLE CLOSER,LUCILLE_TRACY,13
20,499,KING EVOLUTION,LUCILLE_TRACY,8
20,527,LOLA AGENT,LUCILLE_TRACY,11
20,531,LOSE INCH,LUCILLE_TRACY,9
20,538,LOVERBOY ATTACKS,LUCILLE_TRACY,13
20,589,MODERN DORADO,LUCILLE_TRACY,6
20,643,ORIENT CLOSER,LUCILLE_TRACY,7
20,652,PAJAMA JAWBREAKER,LUCILLE_TRACY,4
20,663,PATIENT SISTER,LUCILLE_TRACY,4
20,714,RANDOM GO,LUCILLE_TRACY,14
20,717,REAR TRADING,LUCILLE_TRACY,1
20,757,SAGEBRUSH CLUELESS,LUCILLE_TRACY,6
20,784,SHANGHAI TYCOON,LUCILLE_TRACY,16
20,863,SUN CONFESSIONS,LUCILLE_TRACY,14
20,962,WASTELAND DIVINE,LUCILLE_TRACY,4
20,977,WINDOW SIDE,LUCILLE_TRACY,16
21,6,AGENT TRUMAN,KIRSTEN_PALTROW,9
21,87,BOONDOCK BALLROOM,KIRSTEN_PALTROW,16
21,88,BORN SPINAL,KIRSTEN_PALTROW,16
21,142,CHICKEN HELLFIGHTERS,KIRSTEN_PALTROW,6
21,159,CLOSER BANG,KIRSTEN_PALTROW,5
21,179,CONQUERER NUTS,KIRSTEN_PALTROW,7
21,253,DRIFTER COMMANDMENTS,KIRSTEN_PALTROW,1
21,281,ENCINO ELF,KIRSTEN_PALTROW,10
21,321,FLASH WARS,KIRSTEN_PALTROW,13
21,398,HANOVER GALAXY,KIRSTEN_PALTROW,12
21,426,HOME PITY,KIRSTEN_PALTROW,12
21,429,HONEY TIES,KIRSTEN_PALTROW,15
21,497,KILL BROTHERHOOD,KIRSTEN_PALTROW,6
21,507,LADYBUGS ARMAGEDDON,KIRSTEN_PALTROW,10
21,530,LORD ARIZONA,KIRSTEN_PALTROW,1
21,680,PINOCCHIO SIMON,KIRSTEN_PALTROW,5
21,686,PLUTO OLEANDER,KIRSTEN_PALTROW,13
21,700,PRIX UNDEFEATED,KIRSTEN_PALTROW,8
21,702,PULP BEVERLY,KIRSTEN_PALTROW,11
21,733,RIVER OUTLAW,KIRSTEN_PALTROW,15
21,734,ROAD ROXANNE,KIRSTEN_PALTROW,6
21,798,SILVERADO GOLDFINGER,KIRSTEN_PALTROW,14
21,804,SLEEPING SUSPECTS,KIRSTEN_PALTROW,11
21,887,THIEF PELICAN,KIRSTEN_PALTROW,2
21,893,TITANS JERK,KIRSTEN_PALTROW,14
21,920,UNBREAKABLE KARATE,KIRSTEN_PALTROW,13
21,983,WON DARES,KIRSTEN_PALTROW,12
22,9,ALABAMA DEVIL,ELVIS_MARX,11
22,23,ANACONDA CONFESSIONS,ELVIS_MARX,2
22,56,BAREFOOT MANCHURIAN,ELVIS_MARX,1
22,89,BORROWERS BEDAZZLED,ELVIS_MARX,2
22,111,CADDYSHACK JEDI,ELVIS_MARX,1
22,146,CHITTY LOCK,ELVIS_MARX,7
22,291,EVOLUTION ALTER,ELVIS_MARX,15
22,294,EXPECATIONS NATURAL,ELVIS_MARX,16
22,349,GANGS PRIDE,ELVIS_MARX,2
22,369,GOODFELLAS SALUTE,ELVIS_MARX,14
22,418,HOBBIT ALIEN,ELVIS_MARX,7
22,430,HOOK CHARIOTS,ELVIS_MARX,2
22,483,JERICHO MULAN,ELVIS_MARX,10
22,491,JUMPING WRATH,ELVIS_MARX,3
22,495,KENTUCKIAN GIANT,ELVIS_MARX,11
22,536,LOVELY JINGLE,ELVIS_MARX,4
22,600,MOTIONS DETAILS,ELVIS_MARX,11
22,634,ODDS BOOGIE,ELVIS_MARX,8
22,648,OUTLAW HANKY,ELVIS_MARX,16
22,688,POLISH BROOKLYN,ELVIS_MARX,3
22,731,RIGHT CRANES,ELVIS_MARX,4
22,742,ROOF CHAMPION,ELVIS_MARX,10
22,775,SEATTLE EXPECATIONS,ELVIS_MARX,7
22,802,SKY MIRACLE,ELVIS_MARX,1
22,912,TROJAN TOMORROW,ELVIS_MARX,14
22,964,WATERFRONT DELIVERANCE,ELVIS_MARX,1
23,6,AGENT TRUMAN,SANDRA_KILMER,9
23,42,ARTIST COLDBLOODED,SANDRA_KILMER,15
23,78,BLACKOUT PRIVATE,SANDRA_KILMER,2
23,105,BULL SHAWSHANK,SANDRA_KILMER,1
23,116,CANDIDATE PERDITION,SANDRA_KILMER,4
23,117,CANDLES GRAPES,SANDRA_KILMER,10
23,125,CASSIDY WYOMING,SANDRA_KILMER,16
23,212,DARN FORRESTER,SANDRA_KILMER,1
23,226,DESTINY SATURDAY,SANDRA_KILMER,13
23,235,DIVIDE MONSTER,SANDRA_KILMER,14
23,254,DRIVER ANNIE,SANDRA_KILMER,15
23,367,GOLDMINE TYCOON,SANDRA_KILMER,14
23,370,GORGEOUS BINGO,SANDRA_KILMER,3
23,414,HELLFIGHTERS SIERRA,SANDRA_KILMER,9
23,419,HOCUS FRIDA,SANDRA_KILMER,8
23,435,HOTEL HAPPINESS,SANDRA_KILMER,9
23,449,IDENTITY LOVER,SANDRA_KILMER,14
23,491,JUMPING WRATH,SANDRA_KILMER,3
23,536,LOVELY JINGLE,SANDRA_KILMER,4
23,549,MAGNOLIA FORRESTER,SANDRA_KILMER,1
23,636,OLEANDER CLUE,SANDRA_KILMER,12
23,649,OZ LIAISONS,SANDRA_KILMER,2
23,673,PERSONAL LADYBUGS,SANDRA_KILMER,12
23,691,POSEIDON FOREVER,SANDRA_KILMER,15
23,766,SAVANNAH TOWN,SANDRA_KILMER,7
23,782,SHAKESPEARE SADDLE,SANDRA_KILMER,15
23,804,SLEEPING SUSPECTS,SANDRA_KILMER,11
23,820,SONS INTERVIEW,SANDRA_KILMER,2
23,826,SPEED SUIT,SANDRA_KILMER,16
23,833,SPLENDOR PATTON,SANDRA_KILMER,3
23,842,STATE WASTELAND,SANDRA_KILMER,10
23,853,STRANGER STRANGERS,SANDRA_KILMER,3
23,855,STREAK RIDGEMONT,SANDRA_KILMER,6
23,856,STREETCAR INTENTIONS,SANDRA_KILMER,11
23,935,VANISHED GARDEN,SANDRA_KILMER,13
23,981,WOLVES DESIRE,SANDRA_KILMER,16
23,997,YOUTH KICK,SANDRA_KILMER,12
24,3,ADAPTATION HOLES,CAMERON_STREEP,6
24,83,BLUES INSTINCT,CAMERON_STREEP,8
24,112,CALENDAR GUNFIGHT,CAMERON_STREEP,9
24,126,CASUALTIES ENCINO,CAMERON_STREEP,1
24,148,CHOCOLATE DUCK,CAMERON_STREEP,9
24,164,COAST RAINBOW,CAMERON_STREEP,6
24,178,CONNECTION MICROCOSMOS,CAMERON_STREEP,5
24,194,CROW GREASE,CAMERON_STREEP,1
24,199,CUPBOARD SINNERS,CAMERON_STREEP,6
24,242,DOOM DANCING,CAMERON_STREEP,5
24,256,DROP WATERFRONT,CAMERON_STREEP,15
24,277,ELEPHANT TROJAN,CAMERON_STREEP,11
24,335,FREEDOM CLEOPATRA,CAMERON_STREEP,5
24,405,HAUNTED ANTITRUST,CAMERON_STREEP,16
24,463,INSTINCT AIRPORT,CAMERON_STREEP,15
24,515,LEGALLY SECRETARY,CAMERON_STREEP,3
24,585,MOB DUFFEL,CAMERON_STREEP,7
24,603,MOVIE SHAKESPEARE,CAMERON_STREEP,8
24,653,PANIC CLUB,CAMERON_STREEP,11
24,704,PURE RUNNER,CAMERON_STREEP,5
24,781,SEVEN SWARM,CAMERON_STREEP,10
24,829,SPINAL ROCKY,CAMERON_STREEP,8
24,832,SPLASH GUMP,CAMERON_STREEP,8
24,969,WEST LION,CAMERON_STREEP,7
25,21,AMERICAN CIRCUS,KEVIN_BLOOM,1
25,86,BOOGIE AMELIE,KEVIN_BLOOM,12
25,153,CITIZEN SHREK,KEVIN_BLOOM,14
25,179,CONQUERER NUTS,KEVIN_BLOOM,7
25,204,DALMATIONS SWEDEN,KEVIN_BLOOM,7
25,213,DATE SPEED,KEVIN_BLOOM,8
25,226,DESTINY SATURDAY,KEVIN_BLOOM,13
25,245,DOUBLE WRATH,KEVIN_BLOOM,2
25,311,FICTION CHRISTMAS,KEVIN_BLOOM,9
25,404,HATE HANDICAP,KEVIN_BLOOM,5
25,411,HEAVENLY GUN,KEVIN_BLOOM,12
25,420,HOLES BRANNIGAN,KEVIN_BLOOM,15
25,538,LOVERBOY ATTACKS,KEVIN_BLOOM,13
25,564,MASSAGE IMAGE,KEVIN_BLOOM,2
25,583,MISSION ZOOLANDER,KEVIN_BLOOM,2
25,606,MUMMY CREATURES,KEVIN_BLOOM,15
25,688,POLISH BROOKLYN,KEVIN_BLOOM,3
25,697,PRIMARY GLASS,KEVIN_BLOOM,1
25,755,SABRINA MIDNIGHT,KEVIN_BLOOM,3
25,871,SWEDEN SHINING,KEVIN_BLOOM,5
25,914,TROUBLE DATE,KEVIN_BLOOM,16
26,9,ALABAMA DEVIL,RIP_CRAWFORD,11
26,21,AMERICAN CIRCUS,RIP_CRAWFORD,1
26,34,ARABIA DOGMA,RIP_CRAWFORD,11
26,90,BOULEVARD MOB,RIP_CRAWFORD,13
26,93,BRANNIGAN SUNRISE,RIP_CRAWFORD,13
26,103,BUCKET BROTHERHOOD,RIP_CRAWFORD,16
26,147,CHOCOLAT HARRY,RIP_CRAWFORD,8
26,186,CRAFT OUTFIELD,RIP_CRAWFORD,7
26,201,CYCLONE FAMILY,RIP_CRAWFORD,9
26,225,DESTINATION JERK,RIP_CRAWFORD,7
26,241,DONNIE ALLEY,RIP_CRAWFORD,2
26,327,FOOL MOCKINGBIRD,RIP_CRAWFORD,1
26,329,FORREST SONS,RIP_CRAWFORD,1
26,340,FRONTIER CABIN,RIP_CRAWFORD,13
26,345,GABLES METROPOLIS,RIP_CRAWFORD,8
26,390,GUYS FALCON,RIP_CRAWFORD,14
26,392,HALL CASSIDY,RIP_CRAWFORD,3
26,529,LONELY ELEPHANT,RIP_CRAWFORD,5
26,544,MADISON TRAP,RIP_CRAWFORD,6
26,564,MASSAGE IMAGE,RIP_CRAWFORD,2
26,635,OKLAHOMA JUMANJI,RIP_CRAWFORD,13
26,644,OSCAR GOLD,RIP_CRAWFORD,2
26,682,PITTSBURGH HUNCHBACK,RIP_CRAWFORD,8
26,688,POLISH BROOKLYN,RIP_CRAWFORD,3
26,715,RANGE MOONWALKER,RIP_CRAWFORD,8
26,732,RINGS HEARTBREAKERS,RIP_CRAWFORD,1
26,758,SAINTS BRIDE,RIP_CRAWFORD,7
26,764,SATURDAY LAMBS,RIP_CRAWFORD,15
26,795,SIEGE MADRE,RIP_CRAWFORD,8
26,821,SORORITY QUEEN,RIP_CRAWFORD,9
26,885,TEXAS WATCH,RIP_CRAWFORD,11
26,904,TRAIN BUNCH,RIP_CRAWFORD,11
26,906,TRAMP OTHERS,RIP_CRAWFORD,5
27,19,AMADEUS HOLY,JULIA_MCQUEEN,1
27,34,ARABIA DOGMA,JULIA_MCQUEEN,11
27,85,BONNIE HOLOCAUST,JULIA_MCQUEEN,6
27,150,CIDER DESIRE,JULIA_MCQUEEN,6
27,172,CONEHEADS SMOOCHY,JULIA_MCQUEEN,7
27,273,EFFECT GLADIATOR,JULIA_MCQUEEN,8
27,334,FREDDY STORM,JULIA_MCQUEEN,11
27,347,GAMES BOWFINGER,JULIA_MCQUEEN,16
27,359,GLADIATOR WESTWARD,JULIA_MCQUEEN,8
27,398,HANOVER GALAXY,JULIA_MCQUEEN,12
27,415,HIGH ENCINO,JULIA_MCQUEEN,11
27,462,INSIDER ARIZONA,JULIA_MCQUEEN,12
27,477,JAWBREAKER BROOKLYN,JULIA_MCQUEEN,12
27,500,KISS GLORY,JULIA_MCQUEEN,9
27,503,KRAMER CHOCOLATE,JULIA_MCQUEEN,15
27,540,LUCKY FLYING,JULIA_MCQUEEN,12
27,586,MOCKINGBIRD HOLLYWOOD,JULIA_MCQUEEN,1
27,593,MONTEREY LABYRINTH,JULIA_MCQUEEN,11
27,637,OPEN AFRICAN,JULIA_MCQUEEN,14
27,679,PILOT HOOSIERS,JULIA_MCQUEEN,8
27,682,PITTSBURGH HUNCHBACK,JULIA_MCQUEEN,8
27,695,PRESIDENT BANG,JULIA_MCQUEEN,8
27,771,SCORPION APOLLO,JULIA_MCQUEEN,7
27,805,SLEEPLESS MONSOON,JULIA_MCQUEEN,2
27,830,SPIRIT FLINTSTONES,JULIA_MCQUEEN,11
27,854,STRANGERS GRAFFITI,JULIA_MCQUEEN,11
27,873,SWEETHEARTS SUSPECTS,JULIA_MCQUEEN,3
27,880,TELEMARK HEARTBREAKERS,JULIA_MCQUEEN,2
27,889,TIES HUNGER,JULIA_MCQUEEN,3
27,904,TRAIN BUNCH,JULIA_MCQUEEN,11
27,967,WEEKEND PERSONAL,JULIA_MCQUEEN,14
27,986,WONKA SEA,JULIA_MCQUEEN,2
27,996,YOUNG LANGUAGE,JULIA_MCQUEEN,6
28,14,ALICE FANTASIA,WOODY_HOFFMAN,4
28,43,ATLANTIS CAUSE,WOODY_HOFFMAN,8
28,58,BEACH HEARTBREAKERS,WOODY_HOFFMAN,6
28,74,BIRCH ANTITRUST,WOODY_HOFFMAN,12
28,96,BREAKING HOME,WOODY_HOFFMAN,13
28,107,BUNCH MINDS,WOODY_HOFFMAN,7
28,259,DUCK RACER,WOODY_HOFFMAN,2
28,263,DURHAM PANKY,WOODY_HOFFMAN,15
28,287,ENTRAPMENT SATISFACTION,WOODY_HOFFMAN,1
28,358,GILMORE BOILED,WOODY_HOFFMAN,4
28,502,KNOCK WARLOCK,WOODY_HOFFMAN,5
28,508,LAMBS CINCINATTI,WOODY_HOFFMAN,10
28,532,LOSER HUSTLER,WOODY_HOFFMAN,15
28,551,MAIDEN HOME,WOODY_HOFFMAN,13
28,574,MIDNIGHT WESTWARD,WOODY_HOFFMAN,1
28,597,MOONWALKER FOOL,WOODY_HOFFMAN,10
28,619,NEIGHBORS CHARADE,WOODY_HOFFMAN,15
28,625,NONE SPIKING,WOODY_HOFFMAN,14
28,652,PAJAMA JAWBREAKER,WOODY_HOFFMAN,4
28,679,PILOT HOOSIERS,WOODY_HOFFMAN,8
28,743,ROOM ROMAN,WOODY_HOFFMAN,2
28,790,SHOOTIST SUPERFLY,WOODY_HOFFMAN,7
28,793,SHRUNK DIVINE,WOODY_HOFFMAN,1
28,816,SNOWMAN ROLLERCOASTER,WOODY_HOFFMAN,2
28,827,SPICE SORORITY,WOODY_HOFFMAN,7
28,835,SPY MILE,WOODY_HOFFMAN,10
28,879,TELEGRAPH VOYAGE,WOODY_HOFFMAN,12
28,908,TRAP GUYS,WOODY_HOFFMAN,9
28,953,WAIT CIDER,WOODY_HOFFMAN,2
28,973,WIFE TURN,WOODY_HOFFMAN,6
28,994,WYOMING STORM,WOODY_HOFFMAN,13
29,10,ALADDIN CALENDAR,ALEC_WAYNE,15
29,79,BLADE POLISH,ALEC_WAYNE,7
29,105,BULL SHAWSHANK,ALEC_WAYNE,1
29,110,CABIN FLASH,ALEC_WAYNE,3
29,131,CENTER DINOSAUR,ALEC_WAYNE,4
29,133,CHAMBER ITALIAN,ALEC_WAYNE,12
29,172,CONEHEADS SMOOCHY,ALEC_WAYNE,7
29,226,DESTINY SATURDAY,ALEC_WAYNE,13
29,273,EFFECT GLADIATOR,ALEC_WAYNE,8
29,282,ENCOUNTERS CURTAIN,ALEC_WAYNE,7
29,296,EXPRESS LONELY,ALEC_WAYNE,14
29,311,FICTION CHRISTMAS,ALEC_WAYNE,9
29,335,FREEDOM CLEOPATRA,ALEC_WAYNE,5
29,342,FUGITIVE MAGUIRE,ALEC_WAYNE,16
29,436,HOURS RAGE,ALEC_WAYNE,13
29,444,HUSTLER PARTY,ALEC_WAYNE,5
29,449,IDENTITY LOVER,ALEC_WAYNE,14
29,462,INSIDER ARIZONA,ALEC_WAYNE,12
29,482,JEOPARDY ENCINO,ALEC_WAYNE,4
29,488,JOON NORTHWEST,ALEC_WAYNE,15
29,519,LIBERTY MAGNIFICENT,ALEC_WAYNE,15
29,547,MAGIC MALLRATS,ALEC_WAYNE,3
29,590,MONEY HAROLD,ALEC_WAYNE,13
29,646,OUTBREAK DIVINE,ALEC_WAYNE,10
29,723,REIGN GENTLEMEN,ALEC_WAYNE,14
29,812,SMOKING BARBARELLA,ALEC_WAYNE,6
29,862,SUMMER SCARFACE,ALEC_WAYNE,4
29,928,UPTOWN YOUNG,ALEC_WAYNE,3
29,944,VIRGIN DAISY,ALEC_WAYNE,7
30,1,ACADEMY DINOSAUR,SANDRA_PECK,6
30,53,BANG KWAI,SANDRA_PECK,8
30,64,BEETHOVEN EXORCIST,SANDRA_PECK,7
30,69,BEVERLY OUTLAW,SANDRA_PECK,14
30,77,BIRDS PERDITION,SANDRA_PECK,13
30,87,BOONDOCK BALLROOM,SANDRA_PECK,16
30,260,DUDE BLINDNESS,SANDRA_PECK,15
30,262,DUMBO LUST,SANDRA_PECK,8
30,286,ENOUGH RAGING,SANDRA_PECK,16
30,292,EXCITEMENT EVE,SANDRA_PECK,1
30,301,FAMILY SWEET,SANDRA_PECK,11
30,318,FIREHOUSE VIETNAM,SANDRA_PECK,1
30,321,FLASH WARS,SANDRA_PECK,13
30,357,GILBERT PELICAN,SANDRA_PECK,4
30,565,MATRIX SNOWMAN,SANDRA_PECK,9
30,732,RINGS HEARTBREAKERS,SANDRA_PECK,1
30,797,SILENCE KANE,SANDRA_PECK,12
30,838,STAGECOACH ARMAGEDDON,SANDRA_PECK,1
30,945,VIRGINIAN PLUTO,SANDRA_PECK,6
31,88,BORN SPINAL,SISSY_SOBIESKI,16
31,146,CHITTY LOCK,SISSY_SOBIESKI,7
31,163,CLYDE THEORY,SISSY_SOBIESKI,13
31,164,COAST RAINBOW,SISSY_SOBIESKI,6
31,188,CRAZY HOME,SISSY_SOBIESKI,5
31,299,FACTORY DRAGON,SISSY_SOBIESKI,16
31,308,FERRIS MOTHER,SISSY_SOBIESKI,5
31,368,GONE TROUBLE,SISSY_SOBIESKI,7
31,380,GREEK EVERYONE,SISSY_SOBIESKI,9
31,431,HOOSIERS BIRDCAGE,SISSY_SOBIESKI,9
31,585,MOB DUFFEL,SISSY_SOBIESKI,7
31,637,OPEN AFRICAN,SISSY_SOBIESKI,14
31,700,PRIX UNDEFEATED,SISSY_SOBIESKI,8
31,739,ROCKY WAR,SISSY_SOBIESKI,7
31,793,SHRUNK DIVINE,SISSY_SOBIESKI,1
31,802,SKY MIRACLE,SISSY_SOBIESKI,1
31,880,TELEMARK HEARTBREAKERS,SISSY_SOBIESKI,2
31,978,WISDOM WORKER,SISSY_SOBIESKI,5
32,65,BEHAVIOR RUNAWAY,TIM_HACKMAN,11
32,84,BOILED DARES,TIM_HACKMAN,16
32,103,BUCKET BROTHERHOOD,TIM_HACKMAN,16
32,112,CALENDAR GUNFIGHT,TIM_HACKMAN,9
32,136,CHAPLIN LICENSE,TIM_HACKMAN,13
32,197,CRUSADE HONEY,TIM_HACKMAN,15
32,199,CUPBOARD SINNERS,TIM_HACKMAN,6
32,219,DEEP CRUSADE,TIM_HACKMAN,6
32,309,FEUD FROGMEN,TIM_HACKMAN,8
32,312,FIDDLER LOST,TIM_HACKMAN,14
32,401,HAROLD FRENCH,TIM_HACKMAN,7
32,427,HOMEWARD CIDER,TIM_HACKMAN,6
32,431,HOOSIERS BIRDCAGE,TIM_HACKMAN,9
32,523,LIGHTS DEER,TIM_HACKMAN,4
32,567,MEET CHOCOLATE,TIM_HACKMAN,9
32,585,MOB DUFFEL,TIM_HACKMAN,7
32,606,MUMMY CREATURES,TIM_HACKMAN,15
32,651,PACKER MADIGAN,TIM_HACKMAN,2
32,667,PEACH INNOCENT,TIM_HACKMAN,15
32,669,PEARL DESTINY,TIM_HACKMAN,9
32,815,SNATCHERS MONTEZUMA,TIM_HACKMAN,4
32,928,UPTOWN YOUNG,TIM_HACKMAN,3
32,980,WIZARD COLDBLOODED,TIM_HACKMAN,12
33,56,BAREFOOT MANCHURIAN,MILLA_PECK,1
33,112,CALENDAR GUNFIGHT,MILLA_PECK,9
33,135,CHANCE RESURRECTION,MILLA_PECK,15
33,154,CLASH FREDDY,MILLA_PECK,2
33,214,DAUGHTER MADIGAN,MILLA_PECK,3
33,252,DREAM PICKUP,MILLA_PECK,1
33,305,FATAL HAUNTED,MILLA_PECK,13
33,306,FEATHERS METAL,MILLA_PECK,10
33,473,JACKET FRISCO,MILLA_PECK,7
33,489,JUGGLER HARDLY,MILLA_PECK,2
33,574,MIDNIGHT WESTWARD,MILLA_PECK,1
33,618,NECKLACE OUTBREAK,MILLA_PECK,7
33,667,PEACH INNOCENT,MILLA_PECK,15
33,694,PREJUDICE OLEANDER,MILLA_PECK,4
33,712,RAIDERS ANTITRUST,MILLA_PECK,6
33,735,ROBBERS JOON,MILLA_PECK,3
33,737,ROCK INSTINCT,MILLA_PECK,11
33,754,RUSHMORE MERMAID,MILLA_PECK,5
33,775,SEATTLE EXPECATIONS,MILLA_PECK,7
33,878,TEEN APOLLO,MILLA_PECK,16
33,881,TEMPLE ATTRACTION,MILLA_PECK,11
33,965,WATERSHIP FRONTIER,MILLA_PECK,11
33,972,WHISPERER GIANT,MILLA_PECK,14
33,993,WRONG BEHAVIOR,MILLA_PECK,3
34,43,ATLANTIS CAUSE,AUDREY_OLIVIER,8
34,90,BOULEVARD MOB,AUDREY_OLIVIER,13
34,119,CAPER MOTIONS,AUDREY_OLIVIER,5
34,125,CASSIDY WYOMING,AUDREY_OLIVIER,16
34,172,CONEHEADS SMOOCHY,AUDREY_OLIVIER,7
34,182,CONTROL ANTHEM,AUDREY_OLIVIER,5
34,244,DORADO NOTTING,AUDREY_OLIVIER,12
34,336,FRENCH HOLIDAY,AUDREY_OLIVIER,6
34,389,GUNFIGHTER MUSSOLINI,AUDREY_OLIVIER,15
34,393,HALLOWEEN NUTS,AUDREY_OLIVIER,6
34,438,HUMAN GRAFFITI,AUDREY_OLIVIER,10
34,493,KANE EXORCIST,AUDREY_OLIVIER,9
34,502,KNOCK WARLOCK,AUDREY_OLIVIER,5
34,525,LOATHING LEGALLY,AUDREY_OLIVIER,4
34,668,PEAK FOREVER,AUDREY_OLIVIER,15
34,720,REDEMPTION COMFORTS,AUDREY_OLIVIER,13
34,779,SENSE GREEK,AUDREY_OLIVIER,15
34,788,SHIP WONDERLAND,AUDREY_OLIVIER,6
34,794,SIDE ARK,AUDREY_OLIVIER,1
34,836,SQUAD FISH,AUDREY_OLIVIER,15
34,846,STING PERSONAL,AUDREY_OLIVIER,13
34,853,STRANGER STRANGERS,AUDREY_OLIVIER,3
34,929,USUAL UNTOUCHABLES,AUDREY_OLIVIER,9
34,950,VOLUME HOUSE,AUDREY_OLIVIER,4
34,971,WHALE BIKINI,AUDREY_OLIVIER,9
35,10,ALADDIN CALENDAR,JUDY_DEAN,15
35,35,ARACHNOPHOBIA ROLLERCOASTER,JUDY_DEAN,11
35,52,BALLROOM MOCKINGBIRD,JUDY_DEAN,9
35,201,CYCLONE FAMILY,JUDY_DEAN,9
35,256,DROP WATERFRONT,JUDY_DEAN,15
35,389,GUNFIGHTER MUSSOLINI,JUDY_DEAN,15
35,589,MODERN DORADO,JUDY_DEAN,6
35,612,MUSSOLINI SPOILERS,JUDY_DEAN,15
35,615,NASH CHOCOLAT,JUDY_DEAN,2
35,707,QUEST MUSSOLINI,JUDY_DEAN,1
35,732,RINGS HEARTBREAKERS,JUDY_DEAN,1
35,738,ROCKETEER MOTHER,JUDY_DEAN,9
35,748,RUGRATS SHAKESPEARE,JUDY_DEAN,1
35,817,SOLDIERS EVOLUTION,JUDY_DEAN,14
35,914,TROUBLE DATE,JUDY_DEAN,16
36,15,ALIEN CENTER,BURT_DUKAKIS,9
36,81,BLINDNESS GUN,BURT_DUKAKIS,14
36,171,COMMANDMENTS EXPRESS,BURT_DUKAKIS,11
36,231,DINOSAUR SECRETARY,BURT_DUKAKIS,8
36,245,DOUBLE WRATH,BURT_DUKAKIS,2
36,283,ENDING CROWDS,BURT_DUKAKIS,13
36,380,GREEK EVERYONE,BURT_DUKAKIS,9
36,381,GRINCH MASSAGE,BURT_DUKAKIS,10
36,387,GUN BONNIE,BURT_DUKAKIS,10
36,390,GUYS FALCON,BURT_DUKAKIS,14
36,410,HEAVEN FREEDOM,BURT_DUKAKIS,5
36,426,HOME PITY,BURT_DUKAKIS,12
36,427,HOMEWARD CIDER,BURT_DUKAKIS,6
36,453,IMAGE PRINCESS,BURT_DUKAKIS,15
36,466,INTOLERABLE INTENTIONS,BURT_DUKAKIS,6
36,484,JERK PAYCHECK,BURT_DUKAKIS,4
36,493,KANE EXORCIST,BURT_DUKAKIS,9
36,499,KING EVOLUTION,BURT_DUKAKIS,8
36,569,MENAGERIE RUSHMORE,BURT_DUKAKIS,2
36,590,MONEY HAROLD,BURT_DUKAKIS,13
36,600,MOTIONS DETAILS,BURT_DUKAKIS,11
36,714,RANDOM GO,BURT_DUKAKIS,14
36,715,RANGE MOONWALKER,BURT_DUKAKIS,8
36,716,REAP UNFAITHFUL,BURT_DUKAKIS,11
36,731,RIGHT CRANES,BURT_DUKAKIS,4
36,875,TALENTED HOMICIDE,BURT_DUKAKIS,15
36,915,TRUMAN CRAZY,BURT_DUKAKIS,1
36,931,VALENTINE VANISHING,BURT_DUKAKIS,16
36,956,WANDA CHAMBER,BURT_DUKAKIS,10
37,10,ALADDIN CALENDAR,VAL_BOLGER,15
37,12,ALASKA PHANTOM,VAL_BOLGER,12
37,19,AMADEUS HOLY,VAL_BOLGER,1
37,118,CANYON STOCK,VAL_BOLGER,2
37,119,CAPER MOTIONS,VAL_BOLGER,5
37,122,CARRIE BUNCH,VAL_BOLGER,11
37,146,CHITTY LOCK,VAL_BOLGER,7
37,204,DALMATIONS SWEDEN,VAL_BOLGER,7
37,253,DRIFTER COMMANDMENTS,VAL_BOLGER,1
37,260,DUDE BLINDNESS,VAL_BOLGER,15
37,277,ELEPHANT TROJAN,VAL_BOLGER,11
37,317,FIREBALL PHILADELPHIA,VAL_BOLGER,5
37,467,INTRIGUE WORST,VAL_BOLGER,9
37,477,JAWBREAKER BROOKLYN,VAL_BOLGER,12
37,485,JERSEY SASSY,VAL_BOLGER,3
37,508,LAMBS CINCINATTI,VAL_BOLGER,10
37,529,LONELY ELEPHANT,VAL_BOLGER,5
37,553,MAKER GABLES,VAL_BOLGER,3
37,555,MALLRATS UNITED,VAL_BOLGER,5
37,572,METROPOLIS COMA,VAL_BOLGER,14
37,588,MODEL FISH,VAL_BOLGER,3
37,662,PATHS CONTROL,VAL_BOLGER,7
37,663,PATIENT SISTER,VAL_BOLGER,4
37,694,PREJUDICE OLEANDER,VAL_BOLGER,4
37,697,PRIMARY GLASS,VAL_BOLGER,1
37,785,SHAWSHANK BUBBLE,VAL_BOLGER,16
37,839,STALLION SUNDANCE,VAL_BOLGER,14
37,840,STAMPEDE DISTURBING,VAL_BOLGER,10
37,853,STRANGER STRANGERS,VAL_BOLGER,3
37,900,TOWN ARK,VAL_BOLGER,9
37,925,UNITED PILOT,VAL_BOLGER,6
37,963,WATCH TRACY,VAL_BOLGER,2
37,966,WEDDING APOLLO,VAL_BOLGER,6
37,989,WORKING MICROCOSMOS,VAL_BOLGER,16
37,997,YOUTH KICK,VAL_BOLGER,12
38,24,ANALYZE HOOSIERS,TOM_MCKELLEN,11
38,111,CADDYSHACK JEDI,TOM_MCKELLEN,1
38,160,CLUB GRAFFITI,TOM_MCKELLEN,2
38,176,CONGENIALITY QUEST,TOM_MCKELLEN,15
38,223,DESIRE ALIEN,TOM_MCKELLEN,2
38,241,DONNIE ALLEY,TOM_MCKELLEN,2
38,274,EGG IGBY,TOM_MCKELLEN,6
38,335,FREEDOM CLEOPATRA,TOM_MCKELLEN,5
38,338,FRISCO FORREST,TOM_MCKELLEN,14
38,353,GENTLEMEN STAGE,TOM_MCKELLEN,9
38,448,IDAHO LOVE,TOM_MCKELLEN,13
38,450,IDOLS SNATCHERS,TOM_MCKELLEN,3
38,458,INDIAN LOVE,TOM_MCKELLEN,8
38,501,KISSING DOLLS,TOM_MCKELLEN,1
38,516,LEGEND JEDI,TOM_MCKELLEN,12
38,547,MAGIC MALLRATS,TOM_MCKELLEN,3
38,583,MISSION ZOOLANDER,TOM_MCKELLEN,2
38,618,NECKLACE OUTBREAK,TOM_MCKELLEN,7
38,619,NEIGHBORS CHARADE,TOM_MCKELLEN,15
38,705,PURPLE MOVIE,TOM_MCKELLEN,9
38,793,SHRUNK DIVINE,TOM_MCKELLEN,1
38,827,SPICE SORORITY,TOM_MCKELLEN,7
38,839,STALLION SUNDANCE,TOM_MCKELLEN,14
38,853,STRANGER STRANGERS,TOM_MCKELLEN,3
38,876,TARZAN VIDEOTAPE,TOM_MCKELLEN,11
39,71,BILKO ANONYMOUS,GOLDIE_BRODY,8
39,73,BINGO TALENTED,GOLDIE_BRODY,14
39,168,COMANCHEROS ENEMY,GOLDIE_BRODY,3
39,203,DAISY MENAGERIE,GOLDIE_BRODY,14
39,222,DESERT POSEIDON,GOLDIE_BRODY,11
39,290,EVERYONE CRAFT,GOLDIE_BRODY,9
39,293,EXORCIST STING,GOLDIE_BRODY,15
