first_name,last_name,title,release_year,category_id,complete_name
PENELOPE,GUINESS,ACADEMY DINOSAUR,2006,6,PENELOPE_GUINESS
PENELOPE,GUINESS,ANACONDA CONFESSIONS,2006,2,PENELOPE_GUINESS
PENELOPE,GUINESS,ANGELS LIFE,2006,13,PENELOPE_GUINESS
PENELOPE,GUINESS,BULWORTH COMMANDMENTS,2006,10,PENELOPE_GUINESS
PENELOPE,GUINESS,CHEAPER CLYDE,2006,14,PENELOPE_GUINESS
PENELOPE,GUINESS,COLOR PHILADELPHIA,2006,4,PENELOPE_GUINESS
PENELOPE,GUINESS,ELEPHANT TROJAN,2006,11,PENELOPE_GUINESS
PENELOPE,GUINESS,GLEAMING JAWBREAKER,2006,15,PENELOPE_GUINESS
PENELOPE,GUINESS,HUMAN GRAFFITI,2006,10,PENELOPE_GUINESS
PENELOPE,GUINESS,KING EVOLUTION,2006,8,PENELOPE_GUINESS
PENELOPE,GUINESS,LADY STAGE,2006,11,PENELOPE_GUINESS
PENELOPE,GUINESS,LANGUAGE COWBOY,2006,3,PENELOPE_GUINESS
PENELOPE,GUINESS,MULHOLLAND BEAST,2006,9,PENELOPE_GUINESS
PENELOPE,GUINESS,OKLAHOMA JUMANJI,2006,13,PENELOPE_GUINESS
PENELOPE,GUINESS,RULES HUMAN,2006,11,PENELOPE_GUINESS
PENELOPE,GUINESS,SPLASH GUMP,2006,8,PENELOPE_GUINESS
PENELOPE,GUINESS,VERTIGO NORTHWEST,2006,5,PENELOPE_GUINESS
PENELOPE,GUINESS,WESTWARD SEABISCUIT,2006,4,PENELOPE_GUINESS
PENELOPE,GUINESS,WIZARD COLDBLOODED,2006,12,PENELOPE_GUINESS
NICK,WAHLBERG,ADAPTATION HOLES,2006,6,NICK_WAHLBERG
NICK,WAHLBERG,APACHE DIVINE,2006,8,NICK_WAHLBERG
NICK,WAHLBERG,BABY HALL,2006,9,NICK_WAHLBERG
NICK,WAHLBERG,BULL SHAWSHANK,2006,1,NICK_WAHLBERG
NICK,WAHLBERG,CHAINSAW UPTOWN,2006,14,NICK_WAHLBERG
NICK,WAHLBERG,CHISUM BEHAVIOR,2006,8,NICK_WAHLBERG
NICK,WAHLBERG,DESTINY SATURDAY,2006,13,NICK_WAHLBERG
NICK,WAHLBERG,DRACULA CRYSTAL,2006,4,NICK_WAHLBERG
NICK,WAHLBERG,FIGHT JAWBREAKER,2006,2,NICK_WAHLBERG
NICK,WAHLBERG,FLASH WARS,2006,13,NICK_WAHLBERG
NICK,WAHLBERG,GILBERT PELICAN,2006,4,NICK_WAHLBERG
NICK,WAHLBERG,GOODFELLAS SALUTE,2006,14,NICK_WAHLBERG
NICK,WAHLBERG,HAPPINESS UNITED,2006,9,NICK_WAHLBERG
NICK,WAHLBERG,INDIAN LOVE,2006,8,NICK_WAHLBERG
NICK,WAHLBERG,JEKYLL FROGMEN,2006,13,NICK_WAHLBERG
NICK,WAHLBERG,JERSEY SASSY,2006,3,NICK_WAHLBERG
NICK,WAHLBERG,LIAISONS SWEET,2006,16,NICK_WAHLBERG
NICK,WAHLBERG,LUCKY FLYING,2006,12,NICK_WAHLBERG
NICK,WAHLBERG,MAGUIRE APACHE,2006,8,NICK_WAHLBERG
NICK,WAHLBERG,MALLRATS UNITED,2006,5,NICK_WAHLBERG
NICK,WAHLBERG,MASK PEACH,2006,13,NICK_WAHLBERG
NICK,WAHLBERG,ROOF CHAMPION,2006,10,NICK_WAHLBERG
NICK,WAHLBERG,RUSHMORE MERMAID,2006,5,NICK_WAHLBERG
NICK,WAHLBERG,SMILE EARRING,2006,16,NICK_WAHLBERG
NICK,WAHLBERG,WARDROBE PHANTOM,2006,7,NICK_WAHLBERG
ED,CHASE,ALONE TRIP,2006,12,ED_CHASE
ED,CHASE,ARMY FLINTSTONES,2006,6,ED_CHASE
ED,CHASE,ARTIST COLDBLOODED,2006,15,ED_CHASE
ED,CHASE,BOONDOCK BALLROOM,2006,16,ED_CHASE
ED,CHASE,CADDYSHACK JEDI,2006,1,ED_CHASE
ED,CHASE,COWBOY DOOM,2006,9,ED_CHASE
ED,CHASE,EVE RESURRECTION,2006,13,ED_CHASE
ED,CHASE,FORREST SONS,2006,1,ED_CHASE
ED,CHASE,FRENCH HOLIDAY,2006,6,ED_CHASE
ED,CHASE,FROST HEAD,2006,4,ED_CHASE
ED,CHASE,HALLOWEEN NUTS,2006,6,ED_CHASE
ED,CHASE,HUNTER ALTER,2006,6,ED_CHASE
ED,CHASE,IMAGE PRINCESS,2006,15,ED_CHASE
ED,CHASE,JEEPERS WEDDING,2006,4,ED_CHASE
ED,CHASE,LUCK OPUS,2006,7,ED_CHASE
ED,CHASE,NECKLACE OUTBREAK,2006,7,ED_CHASE
ED,CHASE,PLATOON INSTINCT,2006,13,ED_CHASE
ED,CHASE,SPICE SORORITY,2006,7,ED_CHASE
ED,CHASE,WEDDING APOLLO,2006,6,ED_CHASE
ED,CHASE,WEEKEND PERSONAL,2006,14,ED_CHASE
ED,CHASE,WHALE BIKINI,2006,9,ED_CHASE
ED,CHASE,YOUNG LANGUAGE,2006,6,ED_CHASE
JENNIFER,DAVIS,ANACONDA CONFESSIONS,2006,2,JENNIFER_DAVIS
JENNIFER,DAVIS,ANGELS LIFE,2006,13,JENNIFER_DAVIS
JENNIFER,DAVIS,BAREFOOT MANCHURIAN,2006,1,JENNIFER_DAVIS
JENNIFER,DAVIS,BED HIGHBALL,2006,6,JENNIFER_DAVIS
JENNIFER,DAVIS,BLADE POLISH,2006,7,JENNIFER_DAVIS
JENNIFER,DAVIS,BOONDOCK BALLROOM,2006,16,JENNIFER_DAVIS
JENNIFER,DAVIS,GHOSTBUSTERS ELF,2006,2,JENNIFER_DAVIS
JENNIFER,DAVIS,GREEDY ROOTS,2006,7,JENNIFER_DAVIS
JENNIFER,DAVIS,HANOVER GALAXY,2006,12,JENNIFER_DAVIS
JENNIFER,DAVIS,INSTINCT AIRPORT,2006,15,JENNIFER_DAVIS
JENNIFER,DAVIS,JUMANJI BLADE,2006,13,JENNIFER_DAVIS
JENNIFER,DAVIS,NATIONAL STORY,2006,6,JENNIFER_DAVIS
JENNIFER,DAVIS,OKLAHOMA JUMANJI,2006,13,JENNIFER_DAVIS
JENNIFER,DAVIS,POSEIDON FOREVER,2006,15,JENNIFER_DAVIS
JENNIFER,DAVIS,RAIDERS ANTITRUST,2006,6,JENNIFER_DAVIS
JENNIFER,DAVIS,RANDOM GO,2006,14,JENNIFER_DAVIS
JENNIFER,DAVIS,REDS POCUS,2006,12,JENNIFER_DAVIS
JENNIFER,DAVIS,SILVERADO GOLDFINGER,2006,14,JENNIFER_DAVIS
JENNIFER,DAVIS,SPLASH GUMP,2006,8,JENNIFER_DAVIS
JENNIFER,DAVIS,SUBMARINE BED,2006,5,JENNIFER_DAVIS
JENNIFER,DAVIS,TREASURE COMMAND,2006,11,JENNIFER_DAVIS
JENNIFER,DAVIS,UNFORGIVEN ZOOLANDER,2006,14,JENNIFER_DAVIS
JOHNNY,LOLLOBRIGIDA,AMADEUS HOLY,2006,1,JOHNNY_LOLLOBRIGIDA
JOHNNY,LOLLOBRIGIDA,BANGER PINOCCHIO,2006,12,JOHNNY_LOLLOBRIGIDA
JOHNNY,LOLLOBRIGIDA,BONNIE HOLOCAUST,2006,6,JOHNNY_LOLLOBRIGIDA
JOHNNY,LOLLOBRIGIDA,CHITTY LOCK,2006,7,JOHNNY_LOLLOBRIGIDA
JOHNNY,LOLLOBRIGIDA,COMMANDMENTS EXPRESS,2006,11,JOHNNY_LOLLOBRIGIDA
JOHNNY,LOLLOBRIGIDA,CONEHEADS SMOOCHY,2006,7,JOHNNY_LOLLOBRIGIDA
JOHNNY,LOLLOBRIGIDA,DADDY PITTSBURGH,2006,5,JOHNNY_LOLLOBRIGIDA
JOHNNY,LOLLOBRIGIDA,DAISY MENAGERIE,2006,14,JOHNNY_LOLLOBRIGIDA
JOHNNY,LOLLOBRIGIDA,ENOUGH RAGING,2006,16,JOHNNY_LOLLOBRIGIDA
JOHNNY,LOLLOBRIGIDA,ESCAPE METROPOLIS,2006,16,JOHNNY_LOLLOBRIGIDA
JOHNNY,LOLLOBRIGIDA,FIRE WOLVES,2006,10,JOHNNY_LOLLOBRIGIDA
JOHNNY,LOLLOBRIGIDA,FRONTIER CABIN,2006,13,JOHNNY_LOLLOBRIGIDA
JOHNNY,LOLLOBRIGIDA,GOODFELLAS SALUTE,2006,14,JOHNNY_LOLLOBRIGIDA
JOHNNY,LOLLOBRIGIDA,GRAIL FRANKENSTEIN,2006,1,JOHNNY_LOLLOBRIGIDA
JOHNNY,LOLLOBRIGIDA,GROOVE FICTION,2006,15,JOHNNY_LOLLOBRIGIDA
JOHNNY,LOLLOBRIGIDA,HALL CASSIDY,2006,3,JOHNNY_LOLLOBRIGIDA
JOHNNY,LOLLOBRIGIDA,HEAVENLY GUN,2006,12,JOHNNY_LOLLOBRIGIDA
JOHNNY,LOLLOBRIGIDA,KRAMER CHOCOLATE,2006,15,JOHNNY_LOLLOBRIGIDA
JOHNNY,LOLLOBRIGIDA,LOVE SUICIDES,2006,11,JOHNNY_LOLLOBRIGIDA
JOHNNY,LOLLOBRIGIDA,METAL ARMAGEDDON,2006,6,JOHNNY_LOLLOBRIGIDA
JOHNNY,LOLLOBRIGIDA,PACIFIC AMISTAD,2006,6,JOHNNY_LOLLOBRIGIDA
JOHNNY,LOLLOBRIGIDA,PATTON INTERVIEW,2006,11,JOHNNY_LOLLOBRIGIDA
JOHNNY,LOLLOBRIGIDA,POCUS PULP,2006,6,JOHNNY_LOLLOBRIGIDA
JOHNNY,LOLLOBRIGIDA,RIDGEMONT SUBMARINE,2006,13,JOHNNY_LOLLOBRIGIDA
JOHNNY,LOLLOBRIGIDA,RINGS HEARTBREAKERS,2006,1,JOHNNY_LOLLOBRIGIDA
JOHNNY,LOLLOBRIGIDA,SMILE EARRING,2006,16,JOHNNY_LOLLOBRIGIDA
JOHNNY,LOLLOBRIGIDA,SOLDIERS EVOLUTION,2006,14,JOHNNY_LOLLOBRIGIDA
JOHNNY,LOLLOBRIGIDA,STAR OPERATION,2006,15,JOHNNY_LOLLOBRIGIDA
JOHNNY,LOLLOBRIGIDA,SUNRISE LEAGUE,2006,2,JOHNNY_LOLLOBRIGIDA
BETTE,NICHOLSON,ANTITRUST TOMATOES,2006,1,BETTE_NICHOLSON
BETTE,NICHOLSON,BANG KWAI,2006,8,BETTE_NICHOLSON
BETTE,NICHOLSON,BEAST HUNCHBACK,2006,4,BETTE_NICHOLSON
BETTE,NICHOLSON,BIKINI BORROWERS,2006,2,BETTE_NICHOLSON
BETTE,NICHOLSON,CALENDAR GUNFIGHT,2006,9,BETTE_NICHOLSON
BETTE,NICHOLSON,COAST RAINBOW,2006,6,BETTE_NICHOLSON
BETTE,NICHOLSON,COLDBLOODED DARLING,2006,14,BETTE_NICHOLSON
BETTE,NICHOLSON,CROSSROADS CASUALTIES,2006,2,BETTE_NICHOLSON
BETTE,NICHOLSON,DROP WATERFRONT,2006,15,BETTE_NICHOLSON
BETTE,NICHOLSON,IGBY MAKER,2006,16,BETTE_NICHOLSON
BETTE,NICHOLSON,KRAMER CHOCOLATE,2006,15,BETTE_NICHOLSON
BETTE,NICHOLSON,LANGUAGE COWBOY,2006,3,BETTE_NICHOLSON
BETTE,NICHOLSON,LESSON CLEOPATRA,2006,15,BETTE_NICHOLSON
BETTE,NICHOLSON,LIBERTY MAGNIFICENT,2006,15,BETTE_NICHOLSON
BETTE,NICHOLSON,MULHOLLAND BEAST,2006,9,BETTE_NICHOLSON
BETTE,NICHOLSON,POTLUCK MIXED,2006,2,BETTE_NICHOLSON
BETTE,NICHOLSON,SPEED SUIT,2006,16,BETTE_NICHOLSON
BETTE,NICHOLSON,TITANIC BOONDOCK,2006,2,BETTE_NICHOLSON
BETTE,NICHOLSON,TRADING PINOCCHIO,2006,15,BETTE_NICHOLSON
BETTE,NICHOLSON,WYOMING STORM,2006,13,BETTE_NICHOLSON
GRACE,MOSTEL,ANGELS LIFE,2006,13,GRACE_MOSTEL
GRACE,MOSTEL,ANONYMOUS HUMAN,2006,15,GRACE_MOSTEL
GRACE,MOSTEL,ARACHNOPHOBIA ROLLERCOASTER,2006,11,GRACE_MOSTEL
GRACE,MOSTEL,BERETS AGENT,2006,1,GRACE_MOSTEL
GRACE,MOSTEL,BREAKING HOME,2006,13,GRACE_MOSTEL
GRACE,MOSTEL,COMMAND DARLING,2006,9,GRACE_MOSTEL
GRACE,MOSTEL,CONFESSIONS MAGUIRE,2006,7,GRACE_MOSTEL
GRACE,MOSTEL,DAZED PUNK,2006,10,GRACE_MOSTEL
GRACE,MOSTEL,DECEIVER BETRAYED,2006,7,GRACE_MOSTEL
GRACE,MOSTEL,DESTINATION JERK,2006,7,GRACE_MOSTEL
GRACE,MOSTEL,EXCITEMENT EVE,2006,1,GRACE_MOSTEL
GRACE,MOSTEL,GASLIGHT CRUSADE,2006,11,GRACE_MOSTEL
GRACE,MOSTEL,HELLFIGHTERS SIERRA,2006,9,GRACE_MOSTEL
GRACE,MOSTEL,INSTINCT AIRPORT,2006,15,GRACE_MOSTEL
GRACE,MOSTEL,MALKOVICH PET,2006,4,GRACE_MOSTEL
GRACE,MOSTEL,NECKLACE OUTBREAK,2006,7,GRACE_MOSTEL
GRACE,MOSTEL,OCTOBER SUBMARINE,2006,4,GRACE_MOSTEL
GRACE,MOSTEL,OPEN AFRICAN,2006,14,GRACE_MOSTEL
GRACE,MOSTEL,POSEIDON FOREVER,2006,15,GRACE_MOSTEL
GRACE,MOSTEL,SAINTS BRIDE,2006,7,GRACE_MOSTEL
GRACE,MOSTEL,SAVANNAH TOWN,2006,7,GRACE_MOSTEL
GRACE,MOSTEL,SCISSORHANDS SLUMS,2006,9,GRACE_MOSTEL
GRACE,MOSTEL,SLEEPLESS MONSOON,2006,2,GRACE_MOSTEL
GRACE,MOSTEL,SLEEPY JAPANESE,2006,13,GRACE_MOSTEL
GRACE,MOSTEL,STING PERSONAL,2006,13,GRACE_MOSTEL
GRACE,MOSTEL,TOWN ARK,2006,9,GRACE_MOSTEL
GRACE,MOSTEL,TRACY CIDER,2006,2,GRACE_MOSTEL
GRACE,MOSTEL,TREATMENT JEKYLL,2006,7,GRACE_MOSTEL
GRACE,MOSTEL,WAR NOTTING,2006,9,GRACE_MOSTEL
GRACE,MOSTEL,WARLOCK WEREWOLF,2006,3,GRACE_MOSTEL
MATTHEW,JOHANSSON,BABY HALL,2006,9,MATTHEW_JOHANSSON
MATTHEW,JOHANSSON,CAMPUS REMEMBER,2006,1,MATTHEW_JOHANSSON
MATTHEW,JOHANSSON,CLONES PINOCCHIO,2006,12,MATTHEW_JOHANSSON
MATTHEW,JOHANSSON,CONQUERER NUTS,2006,7,MATTHEW_JOHANSSON
MATTHEW,JOHANSSON,CROWDS TELEMARK,2006,14,MATTHEW_JOHANSSON
MATTHEW,JOHANSSON,DANCES NONE,2006,1,MATTHEW_JOHANSSON
MATTHEW,JOHANSSON,DRIVING POLISH,2006,12,MATTHEW_JOHANSSON
MATTHEW,JOHANSSON,DURHAM PANKY,2006,15,MATTHEW_JOHANSSON
MATTHEW,JOHANSSON,FLASH WARS,2006,13,MATTHEW_JOHANSSON
MATTHEW,JOHANSSON,HANGING DEEP,2006,7,MATTHEW_JOHANSSON
MATTHEW,JOHANSSON,INDIAN LOVE,2006,8,MATTHEW_JOHANSSON
MATTHEW,JOHANSSON,LIGHTS DEER,2006,4,MATTHEW_JOHANSSON
MATTHEW,JOHANSSON,LOSER HUSTLER,2006,15,MATTHEW_JOHANSSON
MATTHEW,JOHANSSON,MALKOVICH PET,2006,4,MATTHEW_JOHANSSON
MATTHEW,JOHANSSON,RUNNER MADIGAN,2006,12,MATTHEW_JOHANSSON
MATTHEW,JOHANSSON,SCHOOL JACKET,2006,9,MATTHEW_JOHANSSON
MATTHEW,JOHANSSON,SCORPION APOLLO,2006,7,MATTHEW_JOHANSSON
MATTHEW,JOHANSSON,SUGAR WONKA,2006,2,MATTHEW_JOHANSSON
MATTHEW,JOHANSSON,TOMORROW HUSTLER,2006,4,MATTHEW_JOHANSSON
MATTHEW,JOHANSSON,VANISHING ROCKY,2006,12,MATTHEW_JOHANSSON
JOE,SWANK,ANYTHING SAVANNAH,2006,11,JOE_SWANK
JOE,SWANK,BIRCH ANTITRUST,2006,12,JOE_SWANK
JOE,SWANK,CHOCOLAT HARRY,2006,8,JOE_SWANK
JOE,SWANK,CHOCOLATE DUCK,2006,9,JOE_SWANK
JOE,SWANK,CROOKED FROGMEN,2006,3,JOE_SWANK
JOE,SWANK,CURTAIN VIDEOTAPE,2006,10,JOE_SWANK
JOE,SWANK,DALMATIONS SWEDEN,2006,7,JOE_SWANK
JOE,SWANK,HORROR REIGN,2006,16,JOE_SWANK
JOE,SWANK,LAWLESS VISION,2006,2,JOE_SWANK
JOE,SWANK,LEBOWSKI SOLDIERS,2006,7,JOE_SWANK
JOE,SWANK,MAJESTIC FLOATS,2006,6,JOE_SWANK
JOE,SWANK,PACIFIC AMISTAD,2006,6,JOE_SWANK
JOE,SWANK,PERDITION FARGO,2006,15,JOE_SWANK
JOE,SWANK,PRIMARY GLASS,2006,1,JOE_SWANK
JOE,SWANK,REEF SALUTE,2006,11,JOE_SWANK
JOE,SWANK,RUNNER MADIGAN,2006,12,JOE_SWANK
JOE,SWANK,SMILE EARRING,2006,16,JOE_SWANK
JOE,SWANK,SNATCHERS MONTEZUMA,2006,4,JOE_SWANK
JOE,SWANK,SUNRISE LEAGUE,2006,2,JOE_SWANK
JOE,SWANK,SWEETHEARTS SUSPECTS,2006,3,JOE_SWANK
JOE,SWANK,TIES HUNGER,2006,3,JOE_SWANK
JOE,SWANK,TRAFFIC HOBBIT,2006,16,JOE_SWANK
JOE,SWANK,UNTOUCHABLES SUNRISE,2006,6,JOE_SWANK
JOE,SWANK,WATERFRONT DELIVERANCE,2006,1,JOE_SWANK
JOE,SWANK,WILD APOLLO,2006,13,JOE_SWANK
CHRISTIAN,GABLE,ACADEMY DINOSAUR,2006,6,CHRISTIAN_GABLE
CHRISTIAN,GABLE,ALABAMA DEVIL,2006,11,CHRISTIAN_GABLE
CHRISTIAN,GABLE,CROOKED FROGMEN,2006,3,CHRISTIAN_GABLE
CHRISTIAN,GABLE,DIVINE RESURRECTION,2006,10,CHRISTIAN_GABLE
CHRISTIAN,GABLE,DRAGONFLY STRANGERS,2006,13,CHRISTIAN_GABLE
CHRISTIAN,GABLE,GOLDFINGER SENSIBILITY,2006,7,CHRISTIAN_GABLE
CHRISTIAN,GABLE,JAWBREAKER BROOKLYN,2006,12,CHRISTIAN_GABLE
CHRISTIAN,GABLE,JEEPERS WEDDING,2006,4,CHRISTIAN_GABLE
CHRISTIAN,GABLE,LIFE TWISTED,2006,5,CHRISTIAN_GABLE
CHRISTIAN,GABLE,LORD ARIZONA,2006,1,CHRISTIAN_GABLE
CHRISTIAN,GABLE,MOD SECRETARY,2006,6,CHRISTIAN_GABLE
CHRISTIAN,GABLE,PREJUDICE OLEANDER,2006,4,CHRISTIAN_GABLE
CHRISTIAN,GABLE,PUNK DIVORCE,2006,2,CHRISTIAN_GABLE
CHRISTIAN,GABLE,REAP UNFAITHFUL,2006,11,CHRISTIAN_GABLE
CHRISTIAN,GABLE,SHAKESPEARE SADDLE,2006,15,CHRISTIAN_GABLE
CHRISTIAN,GABLE,TROUBLE DATE,2006,16,CHRISTIAN_GABLE
CHRISTIAN,GABLE,USUAL UNTOUCHABLES,2006,9,CHRISTIAN_GABLE
CHRISTIAN,GABLE,VACATION BOONDOCK,2006,14,CHRISTIAN_GABLE
CHRISTIAN,GABLE,WATERFRONT DELIVERANCE,2006,1,CHRISTIAN_GABLE
CHRISTIAN,GABLE,WEDDING APOLLO,2006,6,CHRISTIAN_GABLE
CHRISTIAN,GABLE,WIZARD COLDBLOODED,2006,12,CHRISTIAN_GABLE
CHRISTIAN,GABLE,WON DARES,2006,12,CHRISTIAN_GABLE
ZERO,CAGE,CANYON STOCK,2006,2,ZERO_CAGE
ZERO,CAGE,DANCES NONE,2006,1,ZERO_CAGE
ZERO,CAGE,ENCINO ELF,2006,10,ZERO_CAGE
ZERO,CAGE,ENDING CROWDS,2006,13,ZERO_CAGE
ZERO,CAGE,GANDHI KWAI,2006,8,ZERO_CAGE
ZERO,CAGE,GODFATHER DIARY,2006,13,ZERO_CAGE
ZERO,CAGE,HANDICAP BOONDOCK,2006,1,ZERO_CAGE
ZERO,CAGE,HONEY TIES,2006,15,ZERO_CAGE
ZERO,CAGE,HORN WORKING,2006,2,ZERO_CAGE
ZERO,CAGE,IMAGE PRINCESS,2006,15,ZERO_CAGE
ZERO,CAGE,JERSEY SASSY,2006,3,ZERO_CAGE
ZERO,CAGE,LOSER HUSTLER,2006,15,ZERO_CAGE
ZERO,CAGE,MEET CHOCOLATE,2006,9,ZERO_CAGE
ZERO,CAGE,MOD SECRETARY,2006,6,ZERO_CAGE
ZERO,CAGE,MOONWALKER FOOL,2006,10,ZERO_CAGE
ZERO,CAGE,OLEANDER CLUE,2006,12,ZERO_CAGE
ZERO,CAGE,RACER EGG,2006,7,ZERO_CAGE
ZERO,CAGE,STORY SIDE,2006,1,ZERO_CAGE
ZERO,CAGE,STRANGERS GRAFFITI,2006,11,ZERO_CAGE
ZERO,CAGE,THIN SAGEBRUSH,2006,6,ZERO_CAGE
ZERO,CAGE,TOOTSIE PILOT,2006,3,ZERO_CAGE
ZERO,CAGE,UPTOWN YOUNG,2006,3,ZERO_CAGE
ZERO,CAGE,VELVET TERMINATOR,2006,5,ZERO_CAGE
ZERO,CAGE,WEST LION,2006,7,ZERO_CAGE
ZERO,CAGE,WORKER TARZAN,2006,16,ZERO_CAGE
KARL,BERRY,ALLEY EVOLUTION,2006,9,KARL_BERRY
KARL,BERRY,ALONE TRIP,2006,12,KARL_BERRY
KARL,BERRY,ARABIA DOGMA,2006,11,KARL_BERRY
KARL,BERRY,ARIZONA BANG,2006,4,KARL_BERRY
KARL,BERRY,BOUND CHEAPER,2006,4,KARL_BERRY
KARL,BERRY,BOWFINGER GABLES,2006,11,KARL_BERRY
KARL,BERRY,BUNCH MINDS,2006,7,KARL_BERRY
KARL,BERRY,CLEOPATRA DEVIL,2006,13,KARL_BERRY
KARL,BERRY,CONNECTICUT TRAMP,2006,14,KARL_BERRY
KARL,BERRY,DARES PLUTO,2006,2,KARL_BERRY
KARL,BERRY,DATE SPEED,2006,8,KARL_BERRY
KARL,BERRY,DAY UNFAITHFUL,2006,13,KARL_BERRY
KARL,BERRY,DOORS PRESIDENT,2006,2,KARL_BERRY
KARL,BERRY,FURY MURDER,2006,3,KARL_BERRY
KARL,BERRY,HARDLY ROBBERS,2006,6,KARL_BERRY
KARL,BERRY,HIGHBALL POTTER,2006,9,KARL_BERRY
KARL,BERRY,HOLES BRANNIGAN,2006,15,KARL_BERRY
KARL,BERRY,INDEPENDENCE HOTEL,2006,6,KARL_BERRY
KARL,BERRY,LEATHERNECKS DWARFS,2006,16,KARL_BERRY
KARL,BERRY,LUCKY FLYING,2006,12,KARL_BERRY
KARL,BERRY,MONTEREY LABYRINTH,2006,11,KARL_BERRY
KARL,BERRY,NOVOCAINE FLIGHT,2006,15,KARL_BERRY
KARL,BERRY,OKLAHOMA JUMANJI,2006,13,KARL_BERRY
KARL,BERRY,PERFECT GROOVE,2006,5,KARL_BERRY
KARL,BERRY,REAP UNFAITHFUL,2006,11,KARL_BERRY
KARL,BERRY,REUNION WITCHES,2006,7,KARL_BERRY
KARL,BERRY,SMOKING BARBARELLA,2006,6,KARL_BERRY
KARL,BERRY,STAGECOACH ARMAGEDDON,2006,1,KARL_BERRY
KARL,BERRY,SWEDEN SHINING,2006,5,KARL_BERRY
KARL,BERRY,TELEMARK HEARTBREAKERS,2006,2,KARL_BERRY
KARL,BERRY,VIRGINIAN PLUTO,2006,6,KARL_BERRY
UMA,WOOD,ALONE TRIP,2006,12,UMA_WOOD
UMA,WOOD,ANTITRUST TOMATOES,2006,1,UMA_WOOD
UMA,WOOD,ATTRACTION NEWTON,2006,13,UMA_WOOD
UMA,WOOD,BOONDOCK BALLROOM,2006,16,UMA_WOOD
UMA,WOOD,CABIN FLASH,2006,3,UMA_WOOD
UMA,WOOD,CHINATOWN GLADIATOR,2006,13,UMA_WOOD
UMA,WOOD,CLASH FREDDY,2006,2,UMA_WOOD
UMA,WOOD,CLUELESS BUCKET,2006,1,UMA_WOOD
UMA,WOOD,DAISY MENAGERIE,2006,14,UMA_WOOD
UMA,WOOD,DRIVER ANNIE,2006,15,UMA_WOOD
UMA,WOOD,FRIDA SLIPPER,2006,9,UMA_WOOD
UMA,WOOD,GALAXY SWEETHEARTS,2006,4,UMA_WOOD
UMA,WOOD,GRINCH MASSAGE,2006,10,UMA_WOOD
UMA,WOOD,GROUNDHOG UNCUT,2006,5,UMA_WOOD
UMA,WOOD,HOMEWARD CIDER,2006,6,UMA_WOOD
UMA,WOOD,INCH JET,2006,2,UMA_WOOD
UMA,WOOD,LEATHERNECKS DWARFS,2006,16,UMA_WOOD
UMA,WOOD,LEGALLY SECRETARY,2006,3,UMA_WOOD
UMA,WOOD,LIFE TWISTED,2006,5,UMA_WOOD
UMA,WOOD,LION UNCUT,2006,5,UMA_WOOD
UMA,WOOD,LOLITA WORLD,2006,8,UMA_WOOD
UMA,WOOD,METAL ARMAGEDDON,2006,6,UMA_WOOD
UMA,WOOD,MODEL FISH,2006,3,UMA_WOOD
UMA,WOOD,MOONWALKER FOOL,2006,10,UMA_WOOD
UMA,WOOD,MOTIONS DETAILS,2006,11,UMA_WOOD
UMA,WOOD,REBEL AIRPORT,2006,12,UMA_WOOD
UMA,WOOD,RIDER CADDYSHACK,2006,15,UMA_WOOD
UMA,WOOD,SNOWMAN ROLLERCOASTER,2006,2,UMA_WOOD
UMA,WOOD,SOLDIERS EVOLUTION,2006,14,UMA_WOOD
UMA,WOOD,SPLASH GUMP,2006,8,UMA_WOOD
UMA,WOOD,SPLENDOR PATTON,2006,3,UMA_WOOD
UMA,WOOD,STEEL SANTA,2006,4,UMA_WOOD
UMA,WOOD,TORQUE BOUND,2006,7,UMA_WOOD
UMA,WOOD,WEDDING APOLLO,2006,6,UMA_WOOD
UMA,WOOD,ZHIVAGO CORE,2006,11,UMA_WOOD
VIVIEN,BERGEN,CLASH FREDDY,2006,2,VIVIEN_BERGEN
VIVIEN,BERGEN,CRANES RESERVOIR,2006,15,VIVIEN_BERGEN
VIVIEN,BERGEN,DIRTY ACE,2006,10,VIVIEN_BERGEN
VIVIEN,BERGEN,DONNIE ALLEY,2006,2,VIVIEN_BERGEN
VIVIEN,BERGEN,DRIFTER COMMANDMENTS,2006,1,VIVIEN_BERGEN
VIVIEN,BERGEN,DRIVING POLISH,2006,12,VIVIEN_BERGEN
VIVIEN,BERGEN,DRUMS DYNAMITE,2006,11,VIVIEN_BERGEN
VIVIEN,BERGEN,ENEMY ODDS,2006,12,VIVIEN_BERGEN
VIVIEN,BERGEN,EXCITEMENT EVE,2006,1,VIVIEN_BERGEN
VIVIEN,BERGEN,GORGEOUS BINGO,2006,3,VIVIEN_BERGEN
VIVIEN,BERGEN,HIGH ENCINO,2006,11,VIVIEN_BERGEN
VIVIEN,BERGEN,HILLS NEIGHBORS,2006,1,VIVIEN_BERGEN
VIVIEN,BERGEN,HOBBIT ALIEN,2006,7,VIVIEN_BERGEN
VIVIEN,BERGEN,IMPACT ALADDIN,2006,12,VIVIEN_BERGEN
VIVIEN,BERGEN,ITALIAN AFRICAN,2006,16,VIVIEN_BERGEN
VIVIEN,BERGEN,JAPANESE RUN,2006,11,VIVIEN_BERGEN
VIVIEN,BERGEN,KENTUCKIAN GIANT,2006,11,VIVIEN_BERGEN
VIVIEN,BERGEN,LOVELY JINGLE,2006,4,VIVIEN_BERGEN
VIVIEN,BERGEN,LOVER TRUMAN,2006,4,VIVIEN_BERGEN
VIVIEN,BERGEN,MUSSOLINI SPOILERS,2006,15,VIVIEN_BERGEN
VIVIEN,BERGEN,POLISH BROOKLYN,2006,3,VIVIEN_BERGEN
VIVIEN,BERGEN,SALUTE APOLLO,2006,13,VIVIEN_BERGEN
VIVIEN,BERGEN,SATURDAY LAMBS,2006,15,VIVIEN_BERGEN
VIVIEN,BERGEN,STOCK GLASS,2006,13,VIVIEN_BERGEN
VIVIEN,BERGEN,STREETCAR INTENTIONS,2006,11,VIVIEN_BERGEN
VIVIEN,BERGEN,TIGHTS DAWN,2006,15,VIVIEN_BERGEN
VIVIEN,BERGEN,TRAP GUYS,2006,9,VIVIEN_BERGEN
VIVIEN,BERGEN,TYCOON GATHERING,2006,10,VIVIEN_BERGEN
VIVIEN,BERGEN,VOICE PEACH,2006,13,VIVIEN_BERGEN
VIVIEN,BERGEN,WESTWARD SEABISCUIT,2006,4,VIVIEN_BERGEN
CUBA,OLIVIER,APACHE DIVINE,2006,8,CUBA_OLIVIER
CUBA,OLIVIER,BORROWERS BEDAZZLED,2006,2,CUBA_OLIVIER
CUBA,OLIVIER,BOUND CHEAPER,2006,4,CUBA_OLIVIER
CUBA,OLIVIER,BUTCH PANTHER,2006,13,CUBA_OLIVIER
CUBA,OLIVIER,CASSIDY WYOMING,2006,16,CUBA_OLIVIER
CUBA,OLIVIER,DIVINE RESURRECTION,2006,10,CUBA_OLIVIER
CUBA,OLIVIER,EGYPT TENENBAUMS,2006,11,CUBA_OLIVIER
CUBA,OLIVIER,EMPIRE MALKOVICH,2006,3,CUBA_OLIVIER
CUBA,OLIVIER,FLYING HOOK,2006,2,CUBA_OLIVIER
CUBA,OLIVIER,FUGITIVE MAGUIRE,2006,16,CUBA_OLIVIER
CUBA,OLIVIER,HELLFIGHTERS SIERRA,2006,9,CUBA_OLIVIER
CUBA,OLIVIER,HYDE DOCTOR,2006,4,CUBA_OLIVIER
CUBA,OLIVIER,KISS GLORY,2006,9,CUBA_OLIVIER
CUBA,OLIVIER,KNOCK WARLOCK,2006,5,CUBA_OLIVIER
CUBA,OLIVIER,LUKE MUMMY,2006,2,CUBA_OLIVIER
CUBA,OLIVIER,MAKER GABLES,2006,3,CUBA_OLIVIER
CUBA,OLIVIER,MONTEZUMA COMMAND,2006,1,CUBA_OLIVIER
CUBA,OLIVIER,NOON PAPI,2006,3,CUBA_OLIVIER
CUBA,OLIVIER,OKLAHOMA JUMANJI,2006,13,CUBA_OLIVIER
CUBA,OLIVIER,ROSES TREASURE,2006,15,CUBA_OLIVIER
CUBA,OLIVIER,SHANE DARKNESS,2006,16,CUBA_OLIVIER
CUBA,OLIVIER,SIEGE MADRE,2006,8,CUBA_OLIVIER
CUBA,OLIVIER,SOLDIERS EVOLUTION,2006,14,CUBA_OLIVIER
CUBA,OLIVIER,THEORY MERMAID,2006,2,CUBA_OLIVIER
CUBA,OLIVIER,UNFORGIVEN ZOOLANDER,2006,14,CUBA_OLIVIER
CUBA,OLIVIER,VOLCANO TEXAS,2006,10,CUBA_OLIVIER
CUBA,OLIVIER,WEREWOLF LOLA,2006,1,CUBA_OLIVIER
CUBA,OLIVIER,WONDERLAND CHRISTMAS,2006,14,CUBA_OLIVIER
FRED,COSTNER,BLANKET BEVERLY,2006,8,FRED_COSTNER
FRED,COSTNER,BOONDOCK BALLROOM,2006,16,FRED_COSTNER
FRED,COSTNER,BROTHERHOOD BLANKET,2006,6,FRED_COSTNER
FRED,COSTNER,CAROL TEXAS,2006,2,FRED_COSTNER
FRED,COSTNER,CLEOPATRA DEVIL,2006,13,FRED_COSTNER
FRED,COSTNER,CONNECTICUT TRAMP,2006,14,FRED_COSTNER
FRED,COSTNER,DECEIVER BETRAYED,2006,7,FRED_COSTNER
FRED,COSTNER,DELIVERANCE MULHOLLAND,2006,6,FRED_COSTNER
FRED,COSTNER,EAGLES PANKY,2006,13,FRED_COSTNER
FRED,COSTNER,EARRING INSTINCT,2006,8,FRED_COSTNER
FRED,COSTNER,EASY GLADIATOR,2006,1,FRED_COSTNER
FRED,COSTNER,EMPIRE MALKOVICH,2006,3,FRED_COSTNER
FRED,COSTNER,ENTRAPMENT SATISFACTION,2006,1,FRED_COSTNER
FRED,COSTNER,GABLES METROPOLIS,2006,8,FRED_COSTNER
FRED,COSTNER,HUMAN GRAFFITI,2006,10,FRED_COSTNER
FRED,COSTNER,IMAGE PRINCESS,2006,15,FRED_COSTNER
FRED,COSTNER,IMPOSSIBLE PREJUDICE,2006,9,FRED_COSTNER
FRED,COSTNER,INCH JET,2006,2,FRED_COSTNER
FRED,COSTNER,KRAMER CHOCOLATE,2006,15,FRED_COSTNER
FRED,COSTNER,MAGNIFICENT CHITTY,2006,4,FRED_COSTNER
FRED,COSTNER,MIRACLE VIRTUAL,2006,2,FRED_COSTNER
FRED,COSTNER,MISSION ZOOLANDER,2006,2,FRED_COSTNER
FRED,COSTNER,REAR TRADING,2006,1,FRED_COSTNER
FRED,COSTNER,SAINTS BRIDE,2006,7,FRED_COSTNER
FRED,COSTNER,SENSE GREEK,2006,15,FRED_COSTNER
FRED,COSTNER,THEORY MERMAID,2006,2,FRED_COSTNER
FRED,COSTNER,WEEKEND PERSONAL,2006,14,FRED_COSTNER
HELEN,VOIGHT,BREAKING HOME,2006,13,HELEN_VOIGHT
HELEN,VOIGHT,CAPER MOTIONS,2006,5,HELEN_VOIGHT
HELEN,VOIGHT,CASPER DRAGONFLY,2006,3,HELEN_VOIGHT
HELEN,VOIGHT,CAT CONEHEADS,2006,5,HELEN_VOIGHT
HELEN,VOIGHT,CLASH FREDDY,2006,2,HELEN_VOIGHT
HELEN,VOIGHT,CUPBOARD SINNERS,2006,6,HELEN_VOIGHT
HELEN,VOIGHT,CYCLONE FAMILY,2006,9,HELEN_VOIGHT
HELEN,VOIGHT,DIVINE RESURRECTION,2006,10,HELEN_VOIGHT
HELEN,VOIGHT,EMPIRE MALKOVICH,2006,3,HELEN_VOIGHT
HELEN,VOIGHT,FEVER EMPIRE,2006,10,HELEN_VOIGHT
HELEN,VOIGHT,FIDELITY DEVIL,2006,11,HELEN_VOIGHT
HELEN,VOIGHT,GREATEST NORTH,2006,12,HELEN_VOIGHT
HELEN,VOIGHT,INDEPENDENCE HOTEL,2006,6,HELEN_VOIGHT
HELEN,VOIGHT,IRON MOON,2006,4,HELEN_VOIGHT
HELEN,VOIGHT,JAWS HARRY,2006,5,HELEN_VOIGHT
HELEN,VOIGHT,KISS GLORY,2006,9,HELEN_VOIGHT
HELEN,VOIGHT,LEGALLY SECRETARY,2006,3,HELEN_VOIGHT
HELEN,VOIGHT,LIES TREATMENT,2006,7,HELEN_VOIGHT
HELEN,VOIGHT,MICROCOSMOS PARADISE,2006,3,HELEN_VOIGHT
HELEN,VOIGHT,MOVIE SHAKESPEARE,2006,8,HELEN_VOIGHT
HELEN,VOIGHT,MUMMY CREATURES,2006,15,HELEN_VOIGHT
HELEN,VOIGHT,ROAD ROXANNE,2006,6,HELEN_VOIGHT
HELEN,VOIGHT,SCISSORHANDS SLUMS,2006,9,HELEN_VOIGHT
HELEN,VOIGHT,SIDE ARK,2006,1,HELEN_VOIGHT
HELEN,VOIGHT,SINNERS ATLANTIS,2006,11,HELEN_VOIGHT
HELEN,VOIGHT,STRANGER STRANGERS,2006,3,HELEN_VOIGHT
HELEN,VOIGHT,SWEETHEARTS SUSPECTS,2006,3,HELEN_VOIGHT
HELEN,VOIGHT,TADPOLE PARK,2006,4,HELEN_VOIGHT
HELEN,VOIGHT,TELEMARK HEARTBREAKERS,2006,2,HELEN_VOIGHT
HELEN,VOIGHT,VOICE PEACH,2006,13,HELEN_VOIGHT
HELEN,VOIGHT,WAR NOTTING,2006,9,HELEN_VOIGHT
HELEN,VOIGHT,WARLOCK WEREWOLF,2006,3,HELEN_VOIGHT
DAN,TORN,ATTACKS HATE,2006,14,DAN_TORN
DAN,TORN,BOILED DARES,2006,16,DAN_TORN
DAN,TORN,CHINATOWN GLADIATOR,2006,13,DAN_TORN
DAN,TORN,CONEHEADS SMOOCHY,2006,7,DAN_TORN
DAN,TORN,EARLY HOME,2006,2,DAN_TORN
DAN,TORN,ELIZABETH SHANE,2006,15,DAN_TORN
DAN,TORN,EMPIRE MALKOVICH,2006,3,DAN_TORN
DAN,TORN,FLASH WARS,2006,13,DAN_TORN
DAN,TORN,GUMP DATE,2006,16,DAN_TORN
DAN,TORN,INNOCENT USUAL,2006,9,DAN_TORN
DAN,TORN,INSIDER ARIZONA,2006,12,DAN_TORN
DAN,TORN,JERK PAYCHECK,2006,4,DAN_TORN
DAN,TORN,LOVELY JINGLE,2006,4,DAN_TORN
DAN,TORN,MASK PEACH,2006,13,DAN_TORN
DAN,TORN,MUSSOLINI SPOILERS,2006,15,DAN_TORN
DAN,TORN,REAR TRADING,2006,1,DAN_TORN
DAN,TORN,SLING LUKE,2006,4,DAN_TORN
DAN,TORN,STATE WASTELAND,2006,10,DAN_TORN
DAN,TORN,SUN CONFESSIONS,2006,14,DAN_TORN
DAN,TORN,TEQUILA PAST,2006,3,DAN_TORN
DAN,TORN,TUXEDO MILE,2006,15,DAN_TORN
DAN,TORN,VIRGIN DAISY,2006,7,DAN_TORN
BOB,FAWCETT,ACE GOLDFINGER,2006,11,BOB_FAWCETT
BOB,FAWCETT,ADAPTATION HOLES,2006,6,BOB_FAWCETT
BOB,FAWCETT,CHINATOWN GLADIATOR,2006,13,BOB_FAWCETT
BOB,FAWCETT,CIRCUS YOUTH,2006,3,BOB_FAWCETT
BOB,FAWCETT,CONTROL ANTHEM,2006,5,BOB_FAWCETT
BOB,FAWCETT,DARES PLUTO,2006,2,BOB_FAWCETT
BOB,FAWCETT,DARN FORRESTER,2006,1,BOB_FAWCETT
BOB,FAWCETT,DAZED PUNK,2006,10,BOB_FAWCETT
BOB,FAWCETT,DYNAMITE TARZAN,2006,4,BOB_FAWCETT
BOB,FAWCETT,HATE HANDICAP,2006,5,BOB_FAWCETT
BOB,FAWCETT,HOMICIDE PEACH,2006,8,BOB_FAWCETT
BOB,FAWCETT,JACKET FRISCO,2006,7,BOB_FAWCETT
BOB,FAWCETT,JUMANJI BLADE,2006,13,BOB_FAWCETT
BOB,FAWCETT,LAWLESS VISION,2006,2,BOB_FAWCETT
BOB,FAWCETT,LEATHERNECKS DWARFS,2006,16,BOB_FAWCETT
BOB,FAWCETT,OSCAR GOLD,2006,2,BOB_FAWCETT
BOB,FAWCETT,PELICAN COMFORTS,2006,6,BOB_FAWCETT
BOB,FAWCETT,PERSONAL LADYBUGS,2006,12,BOB_FAWCETT
BOB,FAWCETT,RAGING AIRPLANE,2006,14,BOB_FAWCETT
BOB,FAWCETT,RUN PACIFIC,2006,13,BOB_FAWCETT
BOB,FAWCETT,RUNNER MADIGAN,2006,12,BOB_FAWCETT
BOB,FAWCETT,SADDLE ANTITRUST,2006,5,BOB_FAWCETT
BOB,FAWCETT,SCORPION APOLLO,2006,7,BOB_FAWCETT
BOB,FAWCETT,SHAWSHANK BUBBLE,2006,16,BOB_FAWCETT
BOB,FAWCETT,TAXI KICK,2006,12,BOB_FAWCETT
LUCILLE,TRACY,ACADEMY DINOSAUR,2006,6,LUCILLE_TRACY
LUCILLE,TRACY,BANGER PINOCCHIO,2006,12,LUCILLE_TRACY
LUCILLE,TRACY,BEDAZZLED MARRIED,2006,8,LUCILLE_TRACY
LUCILLE,TRACY,CHEAPER CLYDE,2006,14,LUCILLE_TRACY
LUCILLE,TRACY,CHITTY LOCK,2006,7,LUCILLE_TRACY
LUCILLE,TRACY,COLDBLOODED DARLING,2006,14,LUCILLE_TRACY
LUCILLE,TRACY,DINOSAUR SECRETARY,2006,8,LUCILLE_TRACY
LUCILLE,TRACY,DOORS PRESIDENT,2006,2,LUCILLE_TRACY
LUCILLE,TRACY,EARRING INSTINCT,2006,8,LUCILLE_TRACY
LUCILLE,TRACY,EGG IGBY,2006,6,LUCILLE_TRACY
LUCILLE,TRACY,GANDHI KWAI,2006,8,LUCILLE_TRACY
LUCILLE,TRACY,GOLDFINGER SENSIBILITY,2006,7,LUCILLE_TRACY
LUCILLE,TRACY,HYDE DOCTOR,2006,4,LUCILLE_TRACY
LUCILLE,TRACY,JAWS HARRY,2006,5,LUCILLE_TRACY
LUCILLE,TRACY,JUNGLE CLOSER,2006,13,LUCILLE_TRACY
LUCILLE,TRACY,KING EVOLUTION,2006,8,LUCILLE_TRACY
LUCILLE,TRACY,LOLA AGENT,2006,11,LUCILLE_TRACY
LUCILLE,TRACY,LOSE INCH,2006,9,LUCILLE_TRACY
LUCILLE,TRACY,LOVERBOY ATTACKS,2006,13,LUCILLE_TRACY
LUCILLE,TRACY,MODERN DORADO,2006,6,LUCILLE_TRACY
LUCILLE,TRACY,ORIENT CLOSER,2006,7,LUCILLE_TRACY
LUCILLE,TRACY,PAJAMA JAWBREAKER,2006,4,LUCILLE_TRACY
LUCILLE,TRACY,PATIENT SISTER,2006,4,LUCILLE_TRACY
LUCILLE,TRACY,RANDOM GO,2006,14,LUCILLE_TRACY
LUCILLE,TRACY,REAR TRADING,2006,1,LUCILLE_TRACY
LUCILLE,TRACY,SAGEBRUSH CLUELESS,2006,6,LUCILLE_TRACY
LUCILLE,TRACY,SHANGHAI TYCOON,2006,16,LUCILLE_TRACY
LUCILLE,TRACY,SUN CONFESSIONS,2006,14,LUCILLE_TRACY
LUCILLE,TRACY,WASTELAND DIVINE,2006,4,LUCILLE_TRACY
LUCILLE,TRACY,WINDOW SIDE,2006,16,LUCILLE_TRACY
KIRSTEN,PALTROW,AGENT TRUMAN,2006,9,KIRSTEN_PALTROW
KIRSTEN,PALTROW,BOONDOCK BALLROOM,2006,16,KIRSTEN_PALTROW
KIRSTEN,PALTROW,BORN SPINAL,2006,16,KIRSTEN_PALTROW
KIRSTEN,PALTROW,CHICKEN HELLFIGHTERS,2006,6,KIRSTEN_PALTROW
KIRSTEN,PALTROW,CLOSER BANG,2006,5,KIRSTEN_PALTROW
KIRSTEN,PALTROW,CONQUERER NUTS,2006,7,KIRSTEN_PALTROW
KIRSTEN,PALTROW,DRIFTER COMMANDMENTS,2006,1,KIRSTEN_PALTROW
KIRSTEN,PALTROW,ENCINO ELF,2006,10,KIRSTEN_PALTROW
KIRSTEN,PALTROW,FLASH WARS,2006,13,KIRSTEN_PALTROW
KIRSTEN,PALTROW,HANOVER GALAXY,2006,12,KIRSTEN_PALTROW
KIRSTEN,PALTROW,HOME PITY,2006,12,KIRSTEN_PALTROW
KIRSTEN,PALTROW,HONEY TIES,2006,15,KIRSTEN_PALTROW
KIRSTEN,PALTROW,KILL BROTHERHOOD,2006,6,KIRSTEN_PALTROW
KIRSTEN,PALTROW,LADYBUGS ARMAGEDDON,2006,10,KIRSTEN_PALTROW
KIRSTEN,PALTROW,LORD ARIZONA,2006,1,KIRSTEN_PALTROW
KIRSTEN,PALTROW,PINOCCHIO SIMON,2006,5,KIRSTEN_PALTROW
KIRSTEN,PALTROW,PLUTO OLEANDER,2006,13,KIRSTEN_PALTROW
KIRSTEN,PALTROW,PRIX UNDEFEATED,2006,8,KIRSTEN_PALTROW
KIRSTEN,PALTROW,PULP BEVERLY,2006,11,KIRSTEN_PALTROW
KIRSTEN,PALTROW,RIVER OUTLAW,2006,15,KIRSTEN_PALTROW
KIRSTEN,PALTROW,ROAD ROXANNE,2006,6,KIRSTEN_PALTROW
KIRSTEN,PALTROW,SILVERADO GOLDFINGER,2006,14,KIRSTEN_PALTROW
KIRSTEN,PALTROW,SLEEPING SUSPECTS,2006,11,KIRSTEN_PALTROW
KIRSTEN,PALTROW,THIEF PELICAN,2006,2,KIRSTEN_PALTROW
KIRSTEN,PALTROW,TITANS JERK,2006,14,KIRSTEN_PALTROW
KIRSTEN,PALTROW,UNBREAKABLE KARATE,2006,13,KIRSTEN_PALTROW
KIRSTEN,PALTROW,WON DARES,2006,12,KIRSTEN_PALTROW
ELVIS,MARX,ALABAMA DEVIL,2006,11,ELVIS_MARX
ELVIS,MARX,ANACONDA CONFESSIONS,2006,2,ELVIS_MARX
ELVIS,MARX,BAREFOOT MANCHURIAN,2006,1,ELVIS_MARX
ELVIS,MARX,BORROWERS BEDAZZLED,2006,2,ELVIS_MARX
ELVIS,MARX,CADDYSHACK JEDI,2006,1,ELVIS_MARX
ELVIS,MARX,CHITTY LOCK,2006,7,ELVIS_MARX
ELVIS,MARX,EVOLUTION ALTER,2006,15,ELVIS_MARX
ELVIS,MARX,EXPECATIONS NATURAL,2006,16,ELVIS_MARX
ELVIS,MARX,GANGS PRIDE,2006,2,ELVIS_MARX
ELVIS,MARX,GOODFELLAS SALUTE,2006,14,ELVIS_MARX
ELVIS,MARX,HOBBIT ALIEN,2006,7,ELVIS_MARX
ELVIS,MARX,HOOK CHARIOTS,2006,2,ELVIS_MARX
ELVIS,MARX,JERICHO MULAN,2006,10,ELVIS_MARX
ELVIS,MARX,JUMPING WRATH,2006,3,ELVIS_MARX
ELVIS,MARX,KENTUCKIAN GIANT,2006,11,ELVIS_MARX
ELVIS,MARX,LOVELY JINGLE,2006,4,ELVIS_MARX
ELVIS,MARX,MOTIONS DETAILS,2006,11,ELVIS_MARX
ELVIS,MARX,ODDS BOOGIE,2006,8,ELVIS_MARX
ELVIS,MARX,OUTLAW HANKY,2006,16,ELVIS_MARX
ELVIS,MARX,POLISH BROOKLYN,2006,3,ELVIS_MARX
ELVIS,MARX,RIGHT CRANES,2006,4,ELVIS_MARX
ELVIS,MARX,ROOF CHAMPION,2006,10,ELVIS_MARX
ELVIS,MARX,SEATTLE EXPECATIONS,2006,7,ELVIS_MARX
ELVIS,MARX,SKY MIRACLE,2006,1,ELVIS_MARX
ELVIS,MARX,TROJAN TOMORROW,2006,14,ELVIS_MARX
ELVIS,MARX,WATERFRONT DELIVERANCE,2006,1,ELVIS_MARX
SANDRA,KILMER,AGENT TRUMAN,2006,9,SANDRA_KILMER
SANDRA,KILMER,ARTIST COLDBLOODED,2006,15,SANDRA_KILMER
SANDRA,KILMER,BLACKOUT PRIVATE,2006,2,SANDRA_KILMER
SANDRA,KILMER,BULL SHAWSHANK,2006,1,SANDRA_KILMER
SANDRA,KILMER,CANDIDATE PERDITION,2006,4,SANDRA_KILMER
SANDRA,KILMER,CANDLES GRAPES,2006,10,SANDRA_KILMER
SANDRA,KILMER,CASSIDY WYOMING,2006,16,SANDRA_KILMER
SANDRA,KILMER,DARN FORRESTER,2006,1,SANDRA_KILMER
SANDRA,KILMER,DESTINY SATURDAY,2006,13,SANDRA_KILMER
SANDRA,KILMER,DIVIDE MONSTER,2006,14,SANDRA_KILMER
SANDRA,KILMER,DRIVER ANNIE,2006,15,SANDRA_KILMER
SANDRA,KILMER,GOLDMINE TYCOON,2006,14,SANDRA_KILMER
SANDRA,KILMER,GORGEOUS BINGO,2006,3,SANDRA_KILMER
SANDRA,KILMER,HELLFIGHTERS SIERRA,2006,9,SANDRA_KILMER
SANDRA,KILMER,HOCUS FRIDA,2006,8,SANDRA_KILMER
SANDRA,KILMER,HOTEL HAPPINESS,2006,9,SANDRA_KILMER
SANDRA,KILMER,IDENTITY LOVER,2006,14,SANDRA_KILMER
SANDRA,KILMER,JUMPING WRATH,2006,3,SANDRA_KILMER
SANDRA,KILMER,LOVELY JINGLE,2006,4,SANDRA_KILMER
SANDRA,KILMER,MAGNOLIA FORRESTER,2006,1,SANDRA_KILMER
SANDRA,KILMER,OLEANDER CLUE,2006,12,SANDRA_KILMER
SANDRA,KILMER,OZ LIAISONS,2006,2,SANDRA_KILMER
SANDRA,KILMER,PERSONAL LADYBUGS,2006,12,SANDRA_KILMER
SANDRA,KILMER,POSEIDON FOREVER,2006,15,SANDRA_KILMER
SANDRA,KILMER,SAVANNAH TOWN,2006,7,SANDRA_KILMER
SANDRA,KILMER,SHAKESPEARE SADDLE,2006,15,SANDRA_KILMER
SANDRA,KILMER,SLEEPING SUSPECTS,2006,11,SANDRA_KILMER
SANDRA,KILMER,SONS INTERVIEW,2006,2,SANDRA_KILMER
SANDRA,KILMER,SPEED SUIT,2006,16,SANDRA_KILMER
SANDRA,KILMER,SPLENDOR PATTON,2006,3,SANDRA_KILMER
SANDRA,KILMER,STATE WASTELAND,2006,10,SANDRA_KILMER
SANDRA,KILMER,STRANGER STRANGERS,2006,3,SANDRA_KILMER
SANDRA,KILMER,STREAK RIDGEMONT,2006,6,SANDRA_KILMER
SANDRA,KILMER,STREETCAR INTENTIONS,2006,11,SANDRA_KILMER
SANDRA,KILMER,VANISHED GARDEN,2006,13,SANDRA_KILMER
SANDRA,KILMER,WOLVES DESIRE,2006,16,SANDRA_KILMER
SANDRA,KILMER,YOUTH KICK,2006,12,SANDRA_KILMER
CAMERON,STREEP,ADAPTATION HOLES,2006,6,CAMERON_STREEP
CAMERON,STREEP,BLUES INSTINCT,2006,8,CAMERON_STREEP
CAMERON,STREEP,CALENDAR GUNFIGHT,2006,9,CAMERON_STREEP
CAMERON,STREEP,CASUALTIES ENCINO,2006,1,CAMERON_STREEP
CAMERON,STREEP,CHOCOLATE DUCK,2006,9,CAMERON_STREEP
CAMERON,STREEP,COAST RAINBOW,2006,6,CAMERON_STREEP
CAMERON,STREEP,CONNECTION MICROCOSMOS,2006,5,CAMERON_STREEP
CAMERON,STREEP,CROW GREASE,2006,1,CAMERON_STREEP
CAMERON,STREEP,CUPBOARD SINNERS,2006,6,CAMERON_STREEP
CAMERON,STREEP,DOOM DANCING,2006,5,CAMERON_STREEP
CAMERON,STREEP,DROP WATERFRONT,2006,15,CAMERON_STREEP
CAMERON,STREEP,ELEPHANT TROJAN,2006,11,CAMERON_STREEP
CAMERON,STREEP,FREEDOM CLEOPATRA,2006,5,CAMERON_STREEP
CAMERON,STREEP,HAUNTED ANTITRUST,2006,16,CAMERON_STREEP
CAMERON,STREEP,INSTINCT AIRPORT,2006,15,CAMERON_STREEP
CAMERON,STREEP,LEGALLY SECRETARY,2006,3,CAMERON_STREEP
CAMERON,STREEP,MOB DUFFEL,2006,7,CAMERON_STREEP
CAMERON,STREEP,MOVIE SHAKESPEARE,2006,8,CAMERON_STREEP
CAMERON,STREEP,PANIC CLUB,2006,11,CAMERON_STREEP
CAMERON,STREEP,PURE RUNNER,2006,5,CAMERON_STREEP
CAMERON,STREEP,SEVEN SWARM,2006,10,CAMERON_STREEP
CAMERON,STREEP,SPINAL ROCKY,2006,8,CAMERON_STREEP
CAMERON,STREEP,SPLASH GUMP,2006,8,CAMERON_STREEP
CAMERON,STREEP,WEST LION,2006,7,CAMERON_STREEP
KEVIN,BLOOM,AMERICAN CIRCUS,2006,1,KEVIN_BLOOM
KEVIN,BLOOM,BOOGIE AMELIE,2006,12,KEVIN_BLOOM
KEVIN,BLOOM,CITIZEN SHREK,2006,14,KEVIN_BLOOM
KEVIN,BLOOM,CONQUERER NUTS,2006,7,KEVIN_BLOOM
KEVIN,BLOOM,DALMATIONS SWEDEN,2006,7,KEVIN_BLOOM
KEVIN,BLOOM,DATE SPEED,2006,8,KEVIN_BLOOM
KEVIN,BLOOM,DESTINY SATURDAY,2006,13,KEVIN_BLOOM
KEVIN,BLOOM,DOUBLE WRATH,2006,2,KEVIN_BLOOM
KEVIN,BLOOM,FICTION CHRISTMAS,2006,9,KEVIN_BLOOM
KEVIN,BLOOM,HATE HANDICAP,2006,5,KEVIN_BLOOM
KEVIN,BLOOM,HEAVENLY GUN,2006,12,KEVIN_BLOOM
KEVIN,BLOOM,HOLES BRANNIGAN,2006,15,KEVIN_BLOOM
KEVIN,BLOOM,LOVERBOY ATTACKS,2006,13,KEVIN_BLOOM
KEVIN,BLOOM,MASSAGE IMAGE,2006,2,KEVIN_BLOOM
KEVIN,BLOOM,MISSION ZOOLANDER,2006,2,KEVIN_BLOOM
KEVIN,BLOOM,MUMMY CREATURES,2006,15,KEVIN_BLOOM
KEVIN,BLOOM,POLISH BROOKLYN,2006,3,KEVIN_BLOOM
KEVIN,BLOOM,PRIMARY GLASS,2006,1,KEVIN_BLOOM
KEVIN,BLOOM,SABRINA MIDNIGHT,2006,3,KEVIN_BLOOM
KEVIN,BLOOM,SWEDEN SHINING,2006,5,KEVIN_BLOOM
KEVIN,BLOOM,TROUBLE DATE,2006,16,KEVIN_BLOOM
RIP,CRAWFORD,ALABAMA DEVIL,2006,11,RIP_CRAWFORD
RIP,CRAWFORD,AMERICAN CIRCUS,2006,1,RIP_CRAWFORD
RIP,CRAWFORD,ARABIA DOGMA,2006,11,RIP_CRAWFORD
RIP,CRAWFORD,BOULEVARD MOB,2006,13,RIP_CRAWFORD
RIP,CRAWFORD,BRANNIGAN SUNRISE,2006,13,RIP_CRAWFORD
RIP,CRAWFORD,BUCKET BROTHERHOOD,2006,16,RIP_CRAWFORD
RIP,CRAWFORD,CHOCOLAT HARRY,2006,8,RIP_CRAWFORD
RIP,CRAWFORD,CRAFT OUTFIELD,2006,7,RIP_CRAWFORD
RIP,CRAWFORD,CYCLONE FAMILY,2006,9,RIP_CRAWFORD
RIP,CRAWFORD,DESTINATION JERK,2006,7,RIP_CRAWFORD
RIP,CRAWFORD,DONNIE ALLEY,2006,2,RIP_CRAWFORD
RIP,CRAWFORD,FOOL MOCKINGBIRD,2006,1,RIP_CRAWFORD
RIP,CRAWFORD,FORREST SONS,2006,1,RIP_CRAWFORD
RIP,CRAWFORD,FRONTIER CABIN,2006,13,RIP_CRAWFORD
RIP,CRAWFORD,GABLES METROPOLIS,2006,8,RIP_CRAWFORD
RIP,CRAWFORD,GUYS FALCON,2006,14,RIP_CRAWFORD
RIP,CRAWFORD,HALL CASSIDY,2006,3,RIP_CRAWFORD
RIP,CRAWFORD,LONELY ELEPHANT,2006,5,RIP_CRAWFORD
RIP,CRAWFORD,MADISON TRAP,2006,6,RIP_CRAWFORD
RIP,CRAWFORD,MASSAGE IMAGE,2006,2,RIP_CRAWFORD
RIP,CRAWFORD,OKLAHOMA JUMANJI,2006,13,RIP_CRAWFORD
RIP,CRAWFORD,OSCAR GOLD,2006,2,RIP_CRAWFORD
RIP,CRAWFORD,PITTSBURGH HUNCHBACK,2006,8,RIP_CRAWFORD
RIP,CRAWFORD,POLISH BROOKLYN,2006,3,RIP_CRAWFORD
RIP,CRAWFORD,RANGE MOONWALKER,2006,8,RIP_CRAWFORD
RIP,CRAWFORD,RINGS HEARTBREAKERS,2006,1,RIP_CRAWFORD
RIP,CRAWFORD,SAINTS BRIDE,2006,7,RIP_CRAWFORD
RIP,CRAWFORD,SATURDAY LAMBS,2006,15,RIP_CRAWFORD
RIP,CRAWFORD,SIEGE MADRE,2006,8,RIP_CRAWFORD
RIP,CRAWFORD,SORORITY QUEEN,2006,9,RIP_CRAWFORD
RIP,CRAWFORD,TEXAS WATCH,2006,11,RIP_CRAWFORD
RIP,CRAWFORD,TRAIN BUNCH,2006,11,RIP_CRAWFORD
RIP,CRAWFORD,TRAMP OTHERS,2006,5,RIP_CRAWFORD
JULIA,MCQUEEN,AMADEUS HOLY,2006,1,JULIA_MCQUEEN
JULIA,MCQUEEN,ARABIA DOGMA,2006,11,JULIA_MCQUEEN
JULIA,MCQUEEN,BONNIE HOLOCAUST,2006,6,JULIA_MCQUEEN
JULIA,MCQUEEN,CIDER DESIRE,2006,6,JULIA_MCQUEEN
JULIA,MCQUEEN,CONEHEADS SMOOCHY,2006,7,JULIA_MCQUEEN
JULIA,MCQUEEN,EFFECT GLADIATOR,2006,8,JULIA_MCQUEEN
JULIA,MCQUEEN,FREDDY STORM,2006,11,JULIA_MCQUEEN
JULIA,MCQUEEN,GAMES BOWFINGER,2006,16,JULIA_MCQUEEN
JULIA,MCQUEEN,GLADIATOR WESTWARD,2006,8,JULIA_MCQUEEN
JULIA,MCQUEEN,HANOVER GALAXY,2006,12,JULIA_MCQUEEN
JULIA,MCQUEEN,HIGH ENCINO,2006,11,JULIA_MCQUEEN
JULIA,MCQUEEN,INSIDER ARIZONA,2006,12,JULIA_MCQUEEN
JULIA,MCQUEEN,JAWBREAKER BROOKLYN,2006,12,JULIA_MCQUEEN
JULIA,MCQUEEN,KISS GLORY,2006,9,JULIA_MCQUEEN
JULIA,MCQUEEN,KRAMER CHOCOLATE,2006,15,JULIA_MCQUEEN
JULIA,MCQUEEN,LUCKY FLYING,2006,12,JULIA_MCQUEEN
JULIA,MCQUEEN,MOCKINGBIRD HOLLYWOOD,2006,1,JULIA_MCQUEEN
JULIA,MCQUEEN,MONTEREY LABYRINTH,2006,11,JULIA_MCQUEEN
JULIA,MCQUEEN,OPEN AFRICAN,2006,14,JULIA_MCQUEEN
JULIA,MCQUEEN,PILOT HOOSIERS,2006,8,JULIA_MCQUEEN
JULIA,MCQUEEN,PITTSBURGH HUNCHBACK,2006,8,JULIA_MCQUEEN
JULIA,MCQUEEN,PRESIDENT BANG,2006,8,JULIA_MCQUEEN
JULIA,MCQUEEN,SCORPION APOLLO,2006,7,JULIA_MCQUEEN
JULIA,MCQUEEN,SLEEPLESS MONSOON,2006,2,JULIA_MCQUEEN
JULIA,MCQUEEN,SPIRIT FLINTSTONES,2006,11,JULIA_MCQUEEN
JULIA,MCQUEEN,STRANGERS GRAFFITI,2006,11,JULIA_MCQUEEN
JULIA,MCQUEEN,SWEETHEARTS SUSPECTS,2006,3,JULIA_MCQUEEN
JULIA,MCQUEEN,TELEMARK HEARTBREAKERS,2006,2,JULIA_MCQUEEN
JULIA,MCQUEEN,TIES HUNGER,2006,3,JULIA_MCQUEEN
JULIA,MCQUEEN,TRAIN BUNCH,2006,11,JULIA_MCQUEEN
JULIA,MCQUEEN,WEEKEND PERSONAL,2006,14,JULIA_MCQUEEN
JULIA,MCQUEEN,WONKA SEA,2006,2,JULIA_MCQUEEN
JULIA,MCQUEEN,YOUNG LANGUAGE,2006,6,JULIA_MCQUEEN
WOODY,HOFFMAN,ALICE FANTASIA,2006,4,WOODY_HOFFMAN
WOODY,HOFFMAN,ATLANTIS CAUSE,2006,8,WOODY_HOFFMAN
WOODY,HOFFMAN,BEACH HEARTBREAKERS,2006,6,WOODY_HOFFMAN
WOODY,HOFFMAN,BIRCH ANTITRUST,2006,12,WOODY_HOFFMAN
WOODY,HOFFMAN,BREAKING HOME,2006,13,WOODY_HOFFMAN
WOODY,HOFFMAN,BUNCH MINDS,2006,7,WOODY_HOFFMAN
WOODY,HOFFMAN,DUCK RACER,2006,2,WOODY_HOFFMAN
WOODY,HOFFMAN,DURHAM PANKY,2006,15,WOODY_HOFFMAN
WOODY,HOFFMAN,ENTRAPMENT SATISFACTION,2006,1,WOODY_HOFFMAN
WOODY,HOFFMAN,GILMORE BOILED,2006,4,WOODY_HOFFMAN
WOODY,HOFFMAN,KNOCK WARLOCK,2006,5,WOODY_HOFFMAN
WOODY,HOFFMAN,LAMBS CINCINATTI,2006,10,WOODY_HOFFMAN
WOODY,HOFFMAN,LOSER HUSTLER,2006,15,WOODY_HOFFMAN
WOODY,HOFFMAN,MAIDEN HOME,2006,13,WOODY_HOFFMAN
WOODY,HOFFMAN,MIDNIGHT WESTWARD,2006,1,WOODY_HOFFMAN
WOODY,HOFFMAN,MOONWALKER FOOL,2006,10,WOODY_HOFFMAN
WOODY,HOFFMAN,NEIGHBORS CHARADE,2006,15,WOODY_HOFFMAN
WOODY,HOFFMAN,NONE SPIKING,2006,14,WOODY_HOFFMAN
WOODY,HOFFMAN,PAJAMA JAWBREAKER,2006,4,WOODY_HOFFMAN
WOODY,HOFFMAN,PILOT HOOSIERS,2006,8,WOODY_HOFFMAN
WOODY,HOFFMAN,ROOM ROMAN,2006,2,WOODY_HOFFMAN
WOODY,HOFFMAN,SHOOTIST SUPERFLY,2006,7,WOODY_HOFFMAN
WOODY,HOFFMAN,SHRUNK DIVINE,2006,1,WOODY_HOFFMAN
WOODY,HOFFMAN,SNOWMAN ROLLERCOASTER,2006,2,WOODY_HOFFMAN
WOODY,HOFFMAN,SPICE SORORITY,2006,7,WOODY_HOFFMAN
WOODY,HOFFMAN,SPY MILE,2006,10,WOODY_HOFFMAN
WOODY,HOFFMAN,TELEGRAPH VOYAGE,2006,12,WOODY_HOFFMAN
WOODY,HOFFMAN,TRAP GUYS,2006,9,WOODY_HOFFMAN
WOODY,HOFFMAN,WAIT CIDER,2006,2,WOODY_HOFFMAN
WOODY,HOFFMAN,WIFE TURN,2006,6,WOODY_HOFFMAN
WOODY,HOFFMAN,WYOMING STORM,2006,13,WOODY_HOFFMAN
ALEC,WAYNE,ALADDIN CALENDAR,2006,15,ALEC_WAYNE
ALEC,WAYNE,BLADE POLISH,2006,7,ALEC_WAYNE
ALEC,WAYNE,BULL SHAWSHANK,2006,1,ALEC_WAYNE
ALEC,WAYNE,CABIN FLASH,2006,3,ALEC_WAYNE
ALEC,WAYNE,CENTER DINOSAUR,2006,4,ALEC_WAYNE
ALEC,WAYNE,CHAMBER ITALIAN,2006,12,ALEC_WAYNE
ALEC,WAYNE,CONEHEADS SMOOCHY,2006,7,ALEC_WAYNE
ALEC,WAYNE,DESTINY SATURDAY,2006,13,ALEC_WAYNE
ALEC,WAYNE,EFFECT GLADIATOR,2006,8,ALEC_WAYNE
ALEC,WAYNE,ENCOUNTERS CURTAIN,2006,7,ALEC_WAYNE
ALEC,WAYNE,EXPRESS LONELY,2006,14,ALEC_WAYNE
ALEC,WAYNE,FICTION CHRISTMAS,2006,9,ALEC_WAYNE
ALEC,WAYNE,FREEDOM CLEOPATRA,2006,5,ALEC_WAYNE
ALEC,WAYNE,FUGITIVE MAGUIRE,2006,16,ALEC_WAYNE
ALEC,WAYNE,HOURS RAGE,2006,13,ALEC_WAYNE
ALEC,WAYNE,HUSTLER PARTY,2006,5,ALEC_WAYNE
ALEC,WAYNE,IDENTITY LOVER,2006,14,ALEC_WAYNE
ALEC,WAYNE,INSIDER ARIZONA,2006,12,ALEC_WAYNE
ALEC,WAYNE,JEOPARDY ENCINO,2006,4,ALEC_WAYNE
ALEC,WAYNE,JOON NORTHWEST,2006,15,ALEC_WAYNE
ALEC,WAYNE,LIBERTY MAGNIFICENT,2006,15,ALEC_WAYNE
ALEC,WAYNE,MAGIC MALLRATS,2006,3,ALEC_WAYNE
ALEC,WAYNE,MONEY HAROLD,2006,13,ALEC_WAYNE
ALEC,WAYNE,OUTBREAK DIVINE,2006,10,ALEC_WAYNE
ALEC,WAYNE,REIGN GENTLEMEN,2006,14,ALEC_WAYNE
ALEC,WAYNE,SMOKING BARBARELLA,2006,6,ALEC_WAYNE
ALEC,WAYNE,SUMMER SCARFACE,2006,4,ALEC_WAYNE
ALEC,WAYNE,UPTOWN YOUNG,2006,3,ALEC_WAYNE
ALEC,WAYNE,VIRGIN DAISY,2006,7,ALEC_WAYNE
SANDRA,PECK,ACADEMY DINOSAUR,2006,6,SANDRA_PECK
SANDRA,PECK,BANG KWAI,2006,8,SANDRA_PECK
SANDRA,PECK,BEETHOVEN EXORCIST,2006,7,SANDRA_PECK
SANDRA,PECK,BEVERLY OUTLAW,2006,14,SANDRA_PECK
SANDRA,PECK,BIRDS PERDITION,2006,13,SANDRA_PECK
SANDRA,PECK,BOONDOCK BALLROOM,2006,16,SANDRA_PECK
SANDRA,PECK,DUDE BLINDNESS,2006,15,SANDRA_PECK
SANDRA,PECK,DUMBO LUST,2006,8,SANDRA_PECK
SANDRA,PECK,ENOUGH RAGING,2006,16,SANDRA_PECK
SANDRA,PECK,EXCITEMENT EVE,2006,1,SANDRA_PECK
SANDRA,PECK,FAMILY SWEET,2006,11,SANDRA_PECK
SANDRA,PECK,FIREHOUSE VIETNAM,2006,1,SANDRA_PECK
SANDRA,PECK,FLASH WARS,2006,13,SANDRA_PECK
SANDRA,PECK,GILBERT PELICAN,2006,4,SANDRA_PECK
SANDRA,PECK,MATRIX SNOWMAN,2006,9,SANDRA_PECK
SANDRA,PECK,RINGS HEARTBREAKERS,2006,1,SANDRA_PECK
SANDRA,PECK,SILENCE KANE,2006,12,SANDRA_PECK
SANDRA,PECK,STAGECOACH ARMAGEDDON,2006,1,SANDRA_PECK
SANDRA,PECK,VIRGINIAN PLUTO,2006,6,SANDRA_PECK
SISSY,SOBIESKI,BORN SPINAL,2006,16,SISSY_SOBIESKI
SISSY,SOBIESKI,CHITTY LOCK,2006,7,SISSY_SOBIESKI
SISSY,SOBIESKI,CLYDE THEORY,2006,13,SISSY_SOBIESKI
SISSY,SOBIESKI,COAST RAINBOW,2006,6,SISSY_SOBIESKI
SISSY,SOBIESKI,CRAZY HOME,2006,5,SISSY_SOBIESKI
SISSY,SOBIESKI,FACTORY DRAGON,2006,16,SISSY_SOBIESKI
SISSY,SOBIESKI,FERRIS MOTHER,2006,5,SISSY_SOBIESKI
SISSY,SOBIESKI,GONE TROUBLE,2006,7,SISSY_SOBIESKI
SISSY,SOBIESKI,GREEK EVERYONE,2006,9,SISSY_SOBIESKI
SISSY,SOBIESKI,HOOSIERS BIRDCAGE,2006,9,SISSY_SOBIESKI
SISSY,SOBIESKI,MOB DUFFEL,2006,7,SISSY_SOBIESKI
SISSY,SOBIESKI,OPEN AFRICAN,2006,14,SISSY_SOBIESKI
SISSY,SOBIESKI,PRIX UNDEFEATED,2006,8,SISSY_SOBIESKI
SISSY,SOBIESKI,ROCKY WAR,2006,7,SISSY_SOBIESKI
SISSY,SOBIESKI,SHRUNK DIVINE,2006,1,SISSY_SOBIESKI
SISSY,SOBIESKI,SKY MIRACLE,2006,1,SISSY_SOBIESKI
SISSY,SOBIESKI,TELEMARK HEARTBREAKERS,2006,2,SISSY_SOBIESKI
SISSY,SOBIESKI,WISDOM WORKER,2006,5,SISSY_SOBIESKI
TIM,HACKMAN,BEHAVIOR RUNAWAY,2006,11,TIM_HACKMAN
TIM,HACKMAN,BOILED DARES,2006,16,TIM_HACKMAN
TIM,HACKMAN,BUCKET BROTHERHOOD,2006,16,TIM_HACKMAN
TIM,HACKMAN,CALENDAR GUNFIGHT,2006,9,TIM_HACKMAN
TIM,HACKMAN,CHAPLIN LICENSE,2006,13,TIM_HACKMAN
TIM,HACKMAN,CRUSADE HONEY,2006,15,TIM_HACKMAN
TIM,HACKMAN,CUPBOARD SINNERS,2006,6,TIM_HACKMAN
TIM,HACKMAN,DEEP CRUSADE,2006,6,TIM_HACKMAN
TIM,HACKMAN,FEUD FROGMEN,2006,8,TIM_HACKMAN
TIM,HACKMAN,FIDDLER LOST,2006,14,TIM_HACKMAN
TIM,HACKMAN,HAROLD FRENCH,2006,7,TIM_HACKMAN
TIM,HACKMAN,HOMEWARD CIDER,2006,6,TIM_HACKMAN
TIM,HACKMAN,HOOSIERS BIRDCAGE,2006,9,TIM_HACKMAN
TIM,HACKMAN,LIGHTS DEER,2006,4,TIM_HACKMAN
TIM,HACKMAN,MEET CHOCOLATE,2006,9,TIM_HACKMAN
TIM,HACKMAN,MOB DUFFEL,2006,7,TIM_HACKMAN
TIM,HACKMAN,MUMMY CREATURES,2006,15,TIM_HACKMAN
TIM,HACKMAN,PACKER MADIGAN,2006,2,TIM_HACKMAN
TIM,HACKMAN,PEACH INNOCENT,2006,15,TIM_HACKMAN
TIM,HACKMAN,PEARL DESTINY,2006,9,TIM_HACKMAN
TIM,HACKMAN,SNATCHERS MONTEZUMA,2006,4,TIM_HACKMAN
TIM,HACKMAN,UPTOWN YOUNG,2006,3,TIM_HACKMAN
TIM,HACKMAN,WIZARD COLDBLOODED,2006,12,TIM_HACKMAN
MILLA,PECK,BAREFOOT MANCHURIAN,2006,1,MILLA_PECK
MILLA,PECK,CALENDAR GUNFIGHT,2006,9,MILLA_PECK
MILLA,PECK,CHANCE RESURRECTION,2006,15,MILLA_PECK
MILLA,PECK,CLASH FREDDY,2006,2,MILLA_PECK
MILLA,PECK,DAUGHTER MADIGAN,2006,3,MILLA_PECK
MILLA,PECK,DREAM PICKUP,2006,1,MILLA_PECK
MILLA,PECK,FATAL HAUNTED,2006,13,MILLA_PECK
MILLA,PECK,FEATHERS METAL,2006,10,MILLA_PECK
MILLA,PECK,JACKET FRISCO,2006,7,MILLA_PECK
MILLA,PECK,JUGGLER HARDLY,2006,2,MILLA_PECK
MILLA,PECK,MIDNIGHT WESTWARD,2006,1,MILLA_PECK
MILLA,PECK,NECKLACE OUTBREAK,2006,7,MILLA_PECK
MILLA,PECK,PEACH INNOCENT,2006,15,MILLA_PECK
MILLA,PECK,PREJUDICE OLEANDER,2006,4,MILLA_PECK
MILLA,PECK,RAIDERS ANTITRUST,2006,6,MILLA_PECK
MILLA,PECK,ROBBERS JOON,2006,3,MILLA_PECK
MILLA,PECK,ROCK INSTINCT,2006,11,MILLA_PECK
MILLA,PECK,RUSHMORE MERMAID,2006,5,MILLA_PECK
MILLA,PECK,SEATTLE EXPECATIONS,2006,7,MILLA_PECK
MILLA,PECK,TEEN APOLLO,2006,16,MILLA_PECK
MILLA,PECK,TEMPLE ATTRACTION,2006,11,MILLA_PECK
MILLA,PECK,WATERSHIP FRONTIER,2006,11,MILLA_PECK
MILLA,PECK,WHISPERER GIANT,2006,14,MILLA_PECK
MILLA,PECK,WRONG BEHAVIOR,2006,3,MILLA_PECK
AUDREY,OLIVIER,ATLANTIS CAUSE,2006,8,AUDREY_OLIVIER
AUDREY,OLIVIER,BOULEVARD MOB,2006,13,AUDREY_OLIVIER
AUDREY,OLIVIER,CAPER MOTIONS,2006,5,AUDREY_OLIVIER
AUDREY,OLIVIER,CASSIDY WYOMING,2006,16,AUDREY_OLIVIER
AUDREY,OLIVIER,CONEHEADS SMOOCHY,2006,7,AUDREY_OLIVIER
AUDREY,OLIVIER,CONTROL ANTHEM,2006,5,AUDREY_OLIVIER
AUDREY,OLIVIER,DORADO NOTTING,2006,12,AUDREY_OLIVIER
AUDREY,OLIVIER,FRENCH HOLIDAY,2006,6,AUDREY_OLIVIER
AUDREY,OLIVIER,GUNFIGHTER MUSSOLINI,2006,15,AUDREY_OLIVIER
AUDREY,OLIVIER,HALLOWEEN NUTS,2006,6,AUDREY_OLIVIER
AUDREY,OLIVIER,HUMAN GRAFFITI,2006,10,AUDREY_OLIVIER
AUDREY,OLIVIER,KANE EXORCIST,2006,9,AUDREY_OLIVIER
AUDREY,OLIVIER,KNOCK WARLOCK,2006,5,AUDREY_OLIVIER
AUDREY,OLIVIER,LOATHING LEGALLY,2006,4,AUDREY_OLIVIER
AUDREY,OLIVIER,PEAK FOREVER,2006,15,AUDREY_OLIVIER
AUDREY,OLIVIER,REDEMPTION COMFORTS,2006,13,AUDREY_OLIVIER
AUDREY,OLIVIER,SENSE GREEK,2006,15,AUDREY_OLIVIER
AUDREY,OLIVIER,SHIP WONDERLAND,2006,6,AUDREY_OLIVIER
AUDREY,OLIVIER,SIDE ARK,2006,1,AUDREY_OLIVIER
AUDREY,OLIVIER,SQUAD FISH,2006,15,AUDREY_OLIVIER
AUDREY,OLIVIER,STING PERSONAL,2006,13,AUDREY_OLIVIER
AUDREY,OLIVIER,STRANGER STRANGERS,2006,3,AUDREY_OLIVIER
AUDREY,OLIVIER,USUAL UNTOUCHABLES,2006,9,AUDREY_OLIVIER
AUDREY,OLIVIER,VOLUME HOUSE,2006,4,AUDREY_OLIVIER
AUDREY,OLIVIER,WHALE BIKINI,2006,9,AUDREY_OLIVIER
JUDY,DEAN,ALADDIN CALENDAR,2006,15,JUDY_DEAN
JUDY,DEAN,ARACHNOPHOBIA ROLLERCOASTER,2006,11,JUDY_DEAN
JUDY,DEAN,BALLROOM MOCKINGBIRD,2006,9,JUDY_DEAN
JUDY,DEAN,CYCLONE FAMILY,2006,9,JUDY_DEAN
JUDY,DEAN,DROP WATERFRONT,2006,15,JUDY_DEAN
JUDY,DEAN,GUNFIGHTER MUSSOLINI,2006,15,JUDY_DEAN
JUDY,DEAN,MODERN DORADO,2006,6,JUDY_DEAN
JUDY,DEAN,MUSSOLINI SPOILERS,2006,15,JUDY_DEAN
JUDY,DEAN,NASH CHOCOLAT,2006,2,JUDY_DEAN
JUDY,DEAN,QUEST MUSSOLINI,2006,1,JUDY_DEAN
JUDY,DEAN,RINGS HEARTBREAKERS,2006,1,JUDY_DEAN
JUDY,DEAN,ROCKETEER MOTHER,2006,9,JUDY_DEAN
JUDY,DEAN,RUGRATS SHAKESPEARE,2006,1,JUDY_DEAN
JUDY,DEAN,SOLDIERS EVOLUTION,2006,14,JUDY_DEAN
JUDY,DEAN,TROUBLE DATE,2006,16,JUDY_DEAN
BURT,DUKAKIS,ALIEN CENTER,2006,9,BURT_DUKAKIS
BURT,DUKAKIS,BLINDNESS GUN,2006,14,BURT_DUKAKIS
BURT,DUKAKIS,COMMANDMENTS EXPRESS,2006,11,BURT_DUKAKIS
BURT,DUKAKIS,DINOSAUR SECRETARY,2006,8,BURT_DUKAKIS
BURT,DUKAKIS,DOUBLE WRATH,2006,2,BURT_DUKAKIS
BURT,DUKAKIS,ENDING CROWDS,2006,13,BURT_DUKAKIS
BURT,DUKAKIS,GREEK EVERYONE,2006,9,BURT_DUKAKIS
BURT,DUKAKIS,GRINCH MASSAGE,2006,10,BURT_DUKAKIS
BURT,DUKAKIS,GUN BONNIE,2006,10,BURT_DUKAKIS
BURT,DUKAKIS,GUYS FALCON,2006,14,BURT_DUKAKIS
BURT,DUKAKIS,HEAVEN FREEDOM,2006,5,BURT_DUKAKIS
BURT,DUKAKIS,HOME PITY,2006,12,BURT_DUKAKIS
BURT,DUKAKIS,HOMEWARD CIDER,2006,6,BURT_DUKAKIS
BURT,DUKAKIS,IMAGE PRINCESS,2006,15,BURT_DUKAKIS
BURT,DUKAKIS,INTOLERABLE INTENTIONS,2006,6,BURT_DUKAKIS
BURT,DUKAKIS,JERK PAYCHECK,2006,4,BURT_DUKAKIS
BURT,DUKAKIS,KANE EXORCIST,2006,9,BURT_DUKAKIS
BURT,DUKAKIS,KING EVOLUTION,2006,8,BURT_DUKAKIS
BURT,DUKAKIS,MENAGERIE RUSHMORE,2006,2,BURT_DUKAKIS
BURT,DUKAKIS,MONEY HAROLD,2006,13,BURT_DUKAKIS
BURT,DUKAKIS,MOTIONS DETAILS,2006,11,BURT_DUKAKIS
BURT,DUKAKIS,RANDOM GO,2006,14,BURT_DUKAKIS
BURT,DUKAKIS,RANGE MOONWALKER,2006,8,BURT_DUKAKIS
BURT,DUKAKIS,REAP UNFAITHFUL,2006,11,BURT_DUKAKIS
BURT,DUKAKIS,RIGHT CRANES,2006,4,BURT_DUKAKIS
BURT,DUKAKIS,TALENTED HOMICIDE,2006,15,BURT_DUKAKIS
BURT,DUKAKIS,TRUMAN CRAZY,2006,1,BURT_DUKAKIS
BURT,DUKAKIS,VALENTINE VANISHING,2006,16,BURT_DUKAKIS
BURT,DUKAKIS,WANDA CHAMBER,2006,10,BURT_DUKAKIS
VAL,BOLGER,ALADDIN CALENDAR,2006,15,VAL_BOLGER
VAL,BOLGER,ALASKA PHANTOM,2006,12,VAL_BOLGER
VAL,BOLGER,AMADEUS HOLY,2006,1,VAL_BOLGER
VAL,BOLGER,CANYON STOCK,2006,2,VAL_BOLGER
VAL,BOLGER,CAPER MOTIONS,2006,5,VAL_BOLGER
VAL,BOLGER,CARRIE BUNCH,2006,11,VAL_BOLGER
VAL,BOLGER,CHITTY LOCK,2006,7,VAL_BOLGER
VAL,BOLGER,DALMATIONS SWEDEN,2006,7,VAL_BOLGER
VAL,BOLGER,DRIFTER COMMANDMENTS,2006,1,VAL_BOLGER
VAL,BOLGER,DUDE BLINDNESS,2006,15,VAL_BOLGER
VAL,BOLGER,ELEPHANT TROJAN,2006,11,VAL_BOLGER
VAL,BOLGER,FIREBALL PHILADELPHIA,2006,5,VAL_BOLGER
VAL,BOLGER,INTRIGUE WORST,2006,9,VAL_BOLGER
VAL,BOLGER,JAWBREAKER BROOKLYN,2006,12,VAL_BOLGER
VAL,BOLGER,JERSEY SASSY,2006,3,VAL_BOLGER
VAL,BOLGER,LAMBS CINCINATTI,2006,10,VAL_BOLGER
VAL,BOLGER,LONELY ELEPHANT,2006,5,VAL_BOLGER
VAL,BOLGER,MAKER GABLES,2006,3,VAL_BOLGER
VAL,BOLGER,MALLRATS UNITED,2006,5,VAL_BOLGER
VAL,BOLGER,METROPOLIS COMA,2006,14,VAL_BOLGER
VAL,BOLGER,MODEL FISH,2006,3,VAL_BOLGER
VAL,BOLGER,PATHS CONTROL,2006,7,VAL_BOLGER
VAL,BOLGER,PATIENT SISTER,2006,4,VAL_BOLGER
VAL,BOLGER,PREJUDICE OLEANDER,2006,4,VAL_BOLGER
VAL,BOLGER,PRIMARY GLASS,2006,1,VAL_BOLGER
VAL,BOLGER,SHAWSHANK BUBBLE,2006,16,VAL_BOLGER
VAL,BOLGER,STALLION SUNDANCE,2006,14,VAL_BOLGER
VAL,BOLGER,STAMPEDE DISTURBING,2006,10,VAL_BOLGER
VAL,BOLGER,STRANGER STRANGERS,2006,3,VAL_BOLGER
VAL,BOLGER,TOWN ARK,2006,9,VAL_BOLGER
VAL,BOLGER,UNITED PILOT,2006,6,VAL_BOLGER
VAL,BOLGER,WATCH TRACY,2006,2,VAL_BOLGER
VAL,BOLGER,WEDDING APOLLO,2006,6,VAL_BOLGER
VAL,BOLGER,WORKING MICROCOSMOS,2006,16,VAL_BOLGER
VAL,BOLGER,YOUTH KICK,2006,12,VAL_BOLGER
TOM,MCKELLEN,ANALYZE HOOSIERS,2006,11,TOM_MCKELLEN
TOM,MCKELLEN,CADDYSHACK JEDI,2006,1,TOM_MCKELLEN
TOM,MCKELLEN,CLUB GRAFFITI,2006,2,TOM_MCKELLEN
TOM,MCKELLEN,CONGENIALITY QUEST,2006,15,TOM_MCKELLEN
TOM,MCKELLEN,DESIRE ALIEN,2006,2,TOM_MCKELLEN
TOM,MCKELLEN,DONNIE ALLEY,2006,2,TOM_MCKELLEN
TOM,MCKELLEN,EGG IGBY,2006,6,TOM_MCKELLEN
TOM,MCKELLEN,FREEDOM CLEOPATRA,2006,5,TOM_MCKELLEN
TOM,MCKELLEN,FRISCO FORREST,2006,14,TOM_MCKELLEN
TOM,MCKELLEN,GENTLEMEN STAGE,2006,9,TOM_MCKELLEN
TOM,MCKELLEN,IDAHO LOVE,2006,13,TOM_MCKELLEN
TOM,MCKELLEN,IDOLS SNATCHERS,2006,3,TOM_MCKELLEN
TOM,MCKELLEN,INDIAN LOVE,2006,8,TOM_MCKELLEN
TOM,MCKELLEN,KISSING DOLLS,2006,1,TOM_MCKELLEN
TOM,MCKELLEN,LEGEND JEDI,2006,12,TOM_MCKELLEN
TOM,MCKELLEN,MAGIC MALLRATS,2006,3,TOM_MCKELLEN
TOM,MCKELLEN,MISSION ZOOLANDER,2006,2,TOM_MCKELLEN
TOM,MCKELLEN,NECKLACE OUTBREAK,2006,7,TOM_MCKELLEN
TOM,MCKELLEN,NEIGHBORS CHARADE,2006,15,TOM_MCKELLEN
TOM,MCKELLEN,PURPLE MOVIE,2006,9,TOM_MCKELLEN
TOM,MCKELLEN,SHRUNK DIVINE,2006,1,TOM_MCKELLEN
TOM,MCKELLEN,SPICE SORORITY,2006,7,TOM_MCKELLEN
TOM,MCKELLEN,STALLION SUNDANCE,2006,14,TOM_MCKELLEN
TOM,MCKELLEN,STRANGER STRANGERS,2006,3,TOM_MCKELLEN
TOM,MCKELLEN,TARZAN VIDEOTAPE,2006,11,TOM_MCKELLEN
GOLDIE,BRODY,BILKO ANONYMOUS,2006,8,GOLDIE_BRODY
GOLDIE,BRODY,BINGO TALENTED,2006,14,GOLDIE_BRODY
GOLDIE,BRODY,COMANCHEROS ENEMY,2006,3,GOLDIE_BRODY
GOLDIE,BRODY,DAISY MENAGERIE,2006,14,GOLDIE_BRODY
GOLDIE,BRODY,DESERT POSEIDON,2006,11,GOLDIE_BRODY
GOLDIE,BRODY,EVERYONE CRAFT,2006,9,GOLDIE_BRODY
GOLDIE,BRODY,EXORCIST STING,2006,15,GOLDIE_BRODY
